{
  "version": 1,
  "cg_round": 2,
  "best_lb": 1.1533877405909965,
  "scalar_lb": 1.0023892429101737,
  "active_windows": [
    0,
    11,
    19,
    30,
    31,
    41,
    42,
    43,
    45,
    46,
    49,
    50,
    60,
    61,
    71,
    72,
    73,
    74,
    76,
    79,
    89,
    90,
    91,
    92,
    100,
    101,
    102,
    103,
    104,
    105,
    115,
    116,
    117,
    118,
    119,
    120,
    127,
    128,
    129,
    130,
    131,
    132,
    133,
    142,
    143,
    144,
    145,
    146,
    147,
    153,
    154,
    155,
    156,
    158,
    159,
    160,
    168,
    169,
    170,
    171,
    172,
    173,
    179,
    180,
    181,
    182,
    184,
    185,
    186,
    193,
    194,
    195,
    196,
    198,
    204,
    205,
    206,
    210,
    211,
    217,
    219,
    220,
    228,
    229,
    230,
    242,
    243,
    264,
    265,
    285,
    286,
    305,
    306,
    324,
    325,
    342,
    343,
    359,
    360,
    375
  ],
  "last_feas_t": 1.1536757793645203,
  "n_violations": 396,
  "d": 16,
  "order": 3,
  "bandwidth": 15,
  "elapsed_s": 1274.0904836654663,
  "timestamp": "2026-04-17T02:48:11.811075"
}