{
  "version": 1,
  "cg_round": 1,
  "best_lb": 1.117806816353474,
  "scalar_lb": 1.0023892429101737,
  "active_windows": [
    0,
    30,
    31,
    60,
    61,
    89,
    90,
    91,
    92,
    115,
    116,
    117,
    118,
    119,
    120,
    142,
    143,
    144,
    145,
    146,
    147,
    168,
    169,
    170,
    171,
    172,
    173,
    193,
    194,
    195,
    196,
    198,
    217,
    219,
    220,
    242,
    243,
    264,
    265,
    285,
    286,
    305,
    306,
    324,
    325,
    342,
    343,
    359,
    360,
    375
  ],
  "last_feas_t": 1.1344378982739456,
  "n_violations": 446,
  "d": 16,
  "order": 3,
  "bandwidth": 15,
  "elapsed_s": 380.177538394928,
  "timestamp": "2026-04-17T02:33:17.521760"
}