{
  "version": 1,
  "cg_round": 3,
  "best_lb": 1.1730596155909965,
  "scalar_lb": 1.0023892429101737,
  "active_windows": [
    0,
    11,
    19,
    30,
    31,
    41,
    42,
    43,
    45,
    46,
    49,
    50,
    60,
    61,
    66,
    71,
    72,
    73,
    74,
    76,
    79,
    83,
    89,
    90,
    91,
    92,
    95,
    100,
    101,
    102,
    103,
    104,
    105,
    111,
    112,
    115,
    116,
    117,
    118,
    119,
    120,
    127,
    128,
    129,
    130,
    131,
    132,
    133,
    137,
    138,
    142,
    143,
    144,
    145,
    146,
    147,
    153,
    154,
    155,
    156,
    158,
    159,
    160,
    163,
    164,
    165,
    168,
    169,
    170,
    171,
    172,
    173,
    179,
    180,
    181,
    182,
    184,
    185,
    186,
    189,
    190,
    193,
    194,
    195,
    196,
    198,
    204,
    205,
    206,
    210,
    211,
    213,
    214,
    217,
    219,
    220,
    228,
    229,
    230,
    242,
    243,
    257,
    264,
    265,
    271,
    279,
    285,
    286,
    291,
    292,
    299,
    300,
    305,
    306,
    310,
    311,
    312,
    318,
    319,
    320,
    324,
    325,
    329,
    330,
    331,
    335,
    336,
    337,
    338,
    342,
    343,
    348,
    349,
    352,
    353,
    354,
    359,
    360,
    365,
    366,
    368,
    369,
    370,
    375,
    381,
    382,
    384,
    385,
    396,
    399
  ],
  "last_feas_t": null,
  "n_violations": 346,
  "d": 16,
  "order": 3,
  "bandwidth": 15,
  "elapsed_s": 2032.2223386764526,
  "timestamp": "2026-04-17T03:00:50.307162"
}