{
  "version": 1,
  "cg_round": 5,
  "best_lb": 1.1730596155909965,
  "scalar_lb": 1.0023892429101737,
  "active_windows": [
    0,
    4,
    6,
    7,
    8,
    11,
    15,
    16,
    17,
    19,
    21,
    22,
    23,
    26,
    29,
    30,
    31,
    34,
    35,
    36,
    37,
    38,
    40,
    41,
    42,
    43,
    45,
    46,
    47,
    48,
    49,
    50,
    51,
    52,
    53,
    54,
    56,
    57,
    58,
    60,
    61,
    64,
    65,
    66,
    67,
    68,
    71,
    72,
    73,
    74,
    76,
    77,
    78,
    79,
    80,
    81,
    83,
    86,
    89,
    90,
    91,
    92,
    95,
    97,
    100,
    101,
    102,
    103,
    104,
    105,
    106,
    107,
    108,
    109,
    111,
    112,
    114,
    115,
    116,
    117,
    118,
    119,
    120,
    121,
    124,
    125,
    127,
    128,
    129,
    130,
    131,
    132,
    133,
    134,
    135,
    136,
    137,
    138,
    140,
    141,
    142,
    143,
    144,
    145,
    146,
    147,
    148,
    149,
    152,
    153,
    154,
    155,
    156,
    158,
    159,
    160,
    161,
    162,
    163,
    164,
    165,
    166,
    167,
    168,
    169,
    170,
    171,
    172,
    173,
    174,
    175,
    178,
    179,
    180,
    181,
    182,
    184,
    185,
    186,
    187,
    189,
    190,
    192,
    193,
    194,
    195,
    196,
    198,
    199,
    200,
    204,
    205,
    206,
    209,
    210,
    211,
    212,
    213,
    214,
    216,
    217,
    219,
    220,
    223,
    227,
    228,
    229,
    230,
    232,
    233,
    236,
    239,
    242,
    243,
    246,
    250,
    254,
    255,
    256,
    257,
    259,
    264,
    265,
    271,
    272,
    276,
    277,
    278,
    279,
    285,
    286,
    290,
    291,
    292,
    293,
    297,
    298,
    299,
    300,
    301,
    305,
    306,
    309,
    310,
    311,
    312,
    313,
    318,
    319,
    320,
    321,
    324,
    325,
    329,
    330,
    331,
    332,
    335,
    336,
    337,
    338,
    342,
    343,
    348,
    349,
    350,
    352,
    353,
    354,
    359,
    360,
    363,
    365,
    366,
    367,
    368,
    369,
    370,
    375,
    379,
    381,
    382,
    383,
    384,
    385,
    387,
    394,
    396,
    398,
    399
  ],
  "last_feas_t": null,
  "n_violations": 246,
  "d": 16,
  "order": 3,
  "bandwidth": 15,
  "elapsed_s": 2791.286129951477,
  "timestamp": "2026-04-17T03:13:30.138566"
}