{
  "lb": 1.1825596155909965,
  "d": 16,
  "order": 3,
  "bw": 15,
  "n_y": 74613,
  "n_active_windows": 400,
  "gap_closure": 57.22871962100206,
  "elapsed": 5146.249477386475,
  "sound": true,
  "solver": "scs_direct"
}