{
  "tag": "final_combo_2026-04-16T23-32-37",
  "config": {
    "PROD": {
      "d": 16,
      "order": 3,
      "bandwidth": 15,
      "rho": 0.1,
      "atom_frac": 0.5,
      "cuts_per_round": 100,
      "k_vecs": 3,
      "add_upper_loc": true
    },
    "SCS_ITERS": 500,
    "SCS_EPS": 1e-05,
    "WARMUP_ITERS": 0,
    "HI_T": 1.4,
    "MID_T": 1.33
  },
  "fixed": {
    "precompute_ms": 3141.2674179300666,
    "base_build_ms": 121.39495415613055,
    "base_nnz": 1517781,
    "base_rows": 975005,
    "phase0_ms": 38227.47829789296,
    "phase0_iters": 500,
    "phase0_status": "solved_inaccurate",
    "phase0_scalar_lb": 0.9987841981121075,
    "viol_seed_ms": 1519.9256618507206,
    "n_seed_viols": 496
  },
  "scales": [
    {
      "K": 50,
      "actual_K": 50,
      "decomp_ms": 1706.0412671416998,
      "n_win_rows": 589050,
      "assemble_t1_ms": 271.31156576797366,
      "nnz_full": 17233635,
      "n_rows_full": 1564055,
      "n_psd_cones": 220,
      "assemble_t2_ms": 384.2876311391592,
      "augment_ms": 1617.4448188394308,
      "nnz_aug": 17249617,
      "n_rows_aug": 1564057,
      "solver_init_ms": 5893.26742477715,
      "linear_solver": "cg",
      "warmup_ms": 0.011988915503025055,
      "hi_feas_ms": 13732.296703848988,
      "hi_feas": {
        "iters": 80,
        "status": "solved",
        "pri_res": 0.045621970429587044,
        "dual_res": 0.3362223747274606,
        "eps_pri": 0.012594473235463954,
        "eps_dual": 0.00273902729322221,
        "tau": 1.7658896676644838e-06
      },
      "hi_feas_ms_per_iter": 171.65370879811235,
      "mid_bisect_ms": 16315.424317959696,
      "mid_bisect": {
        "iters": 100,
        "status": "solved",
        "pri_res": 0.0420329728900062,
        "dual_res": 0.06992025823964297,
        "eps_pri": 0.012586908509770959,
        "eps_dual": 0.0027374961349612417,
        "tau": -7.454716883015756e-06
      },
      "mid_bisect_ms_per_iter": 163.15424317959696,
      "viol_check_ms": 1360.8732651919127,
      "viol_check_n_viols": 446,
      "wall_s": 41.374347703997046
    },
    {
      "K": 200,
      "actual_K": 200,
      "decomp_ms": 11053.7977530621,
      "n_win_rows": 2356200,
      "assemble_t1_ms": 882.6996069401503,
      "nnz_full": 100148313,
      "n_rows_full": 3331205,
      "n_psd_cones": 370,
      "assemble_t2_ms": 1726.3748818077147,
      "augment_ms": 8102.3396900855005,
      "nnz_aug": 100187245,
      "n_rows_aug": 3331207,
      "solver_init_ms": 37387.86890311167,
      "linear_solver": "cg",
      "warmup_ms": 0.011505093425512314,
      "hi_feas_ms": 30773.384497035295,
      "hi_feas": {
        "iters": 60,
        "status": "solved",
        "pri_res": 0.0633232970202718,
        "dual_res": 0.8078041456333713,
        "eps_pri": 0.018356400342750205,
        "eps_dual": 0.0027403052773280418,
        "tau": -2.1240192514361647e-05
      },
      "hi_feas_ms_per_iter": 512.8897416172549,
      "mid_bisect_ms": 49084.70280375332,
      "mid_bisect": {
        "iters": 100,
        "status": "solved",
        "pri_res": 0.03951911024348526,
        "dual_res": 0.1590456085407442,
        "eps_pri": 0.018349743694379424,
        "eps_dual": 0.0027371267892669477,
        "tau": -1.3243285198002992e-05
      },
      "mid_bisect_ms_per_iter": 490.84702803753316,
      "viol_check_ms": 912.7531559206545,
      "viol_check_n_viols": 296,
      "wall_s": 140.09374341880903
    },
    {
      "K": 400,
      "actual_K": 400,
      "decomp_ms": 32472.255867905915,
      "n_win_rows": 4712400,
      "assemble_t1_ms": 3675.730539020151,
      "nnz_full": 291884088,
      "n_rows_full": 5687405,
      "n_psd_cones": 570,
      "assemble_t2_ms": 7217.572310939431,
      "augment_ms": 26633.70600482449,
      "nnz_aug": 291953620,
      "n_rows_aug": 5687407,
      "solver_init_ms": 147089.42374493927,
      "linear_solver": "cg",
      "warmup_ms": 0.012209638953208923,
      "hi_feas_ms": 175701.53140602633,
      "hi_feas": {
        "iters": 180,
        "status": "solved",
        "pri_res": 0.04760731085304253,
        "dual_res": 0.2898700725860021,
        "eps_pri": 0.023962604369897455,
        "eps_dual": 0.002737256915960255,
        "tau": 2.3969832294084797e-05
      },
      "hi_feas_ms_per_iter": 976.1196189223685,
      "mid_bisect_ms": 105046.38687102124,
      "mid_bisect": {
        "iters": 100,
        "status": "solved",
        "pri_res": 0.040362176339555945,
        "dual_res": 0.1720257149378334,
        "eps_pri": 0.02395572819234231,
        "eps_dual": 0.002737036027297722,
        "tau": 2.7406732220193957e-06
      },
      "mid_bisect_ms_per_iter": 1050.4638687102124,
      "viol_check_ms": 297.2915368154645,
      "viol_check_n_viols": 96,
      "wall_s": 498.40252227988094
    }
  ],
  "timestamp": "2026-04-16T23:44:41.295858"
}