{
  "tag": "a1_sigma_scale_2026-04-16T22-36-56",
  "config": {
    "PROD": {
      "d": 16,
      "order": 3,
      "bandwidth": 15,
      "rho": 0.1,
      "atom_frac": 0.5,
      "cuts_per_round": 100,
      "k_vecs": 3,
      "add_upper_loc": true
    },
    "SCS_ITERS": 500,
    "SCS_EPS": 1e-05,
    "WARMUP_ITERS": 50,
    "HI_T": 1.4,
    "MID_T": 1.33
  },
  "fixed": {
    "precompute_ms": 3154.5419017784297,
    "base_build_ms": 122.83854885026813,
    "base_nnz": 1517781,
    "base_rows": 975005,
    "phase0_ms": 38856.003946159035,
    "phase0_iters": 500,
    "phase0_status": "solved_inaccurate",
    "phase0_scalar_lb": 0.9985702985459891,
    "viol_seed_ms": 1475.5215551704168,
    "n_seed_viols": 496
  },
  "scales": [
    {
      "K": 50,
      "actual_K": 50,
      "decomp_ms": 1757.4975900352001,
      "n_win_rows": 589050,
      "assemble_t1_ms": 181.31077894940972,
      "nnz_full": 16644585,
      "n_rows_full": 1564055,
      "n_psd_cones": 220,
      "assemble_t2_ms": 343.56065187603235,
      "augment_ms": 1578.4247182309628,
      "nnz_aug": 16660567,
      "n_rows_aug": 1564057,
      "solver_init_ms": 8416.098362300545,
      "linear_solver": "cg",
      "warmup_ms": 2075.2581651322544,
      "hi_feas_ms": 22738.030896987766,
      "hi_feas": {
        "iters": 140,
        "status": "solved",
        "pri_res": 0.03544172349867068,
        "dual_res": 0.1711420947405291,
        "eps_pri": 0.012606766069696131,
        "eps_dual": 0.002736480060752259,
        "tau": -1.2648101519876381e-05
      },
      "hi_feas_ms_per_iter": 162.41450640705548,
      "mid_bisect_ms": 12111.919129267335,
      "mid_bisect": {
        "iters": 70,
        "status": "solved",
        "pri_res": 0.023645698148974884,
        "dual_res": 0.02249479872355092,
        "eps_pri": 0.012605052573345864,
        "eps_dual": 0.002736213641498946,
        "tau": 2.0644180300293478e-05
      },
      "mid_bisect_ms_per_iter": 173.0274161323905,
      "viol_check_ms": 1337.017368990928,
      "viol_check_n_viols": 446,
      "wall_s": 50.6264142873697
    },
    {
      "K": 200,
      "actual_K": 200,
      "decomp_ms": 10981.85226181522,
      "n_win_rows": 2356200,
      "assemble_t1_ms": 1177.9466271400452,
      "nnz_full": 101585595,
      "n_rows_full": 3331205,
      "n_psd_cones": 370,
      "assemble_t2_ms": 2403.418740257621,
      "augment_ms": 9172.280286904424,
      "nnz_aug": 101624527,
      "n_rows_aug": 3331207,
      "solver_init_ms": 46447.114143986255,
      "linear_solver": "cg",
      "warmup_ms": 7497.613599989563,
      "hi_feas_ms": 63327.363326679915,
      "hi_feas": {
        "iters": 130,
        "status": "solved",
        "pri_res": 0.03166366795234311,
        "dual_res": 0.31491952159421954,
        "eps_pri": 0.01836681290404304,
        "eps_dual": 0.002736614795519327,
        "tau": 2.0658734592592147e-05
      },
      "hi_feas_ms_per_iter": 487.133564051384,
      "mid_bisect_ms": 31291.849120985717,
      "mid_bisect": {
        "iters": 60,
        "status": "solved",
        "pri_res": 0.015832419394143208,
        "dual_res": 0.2008321793327088,
        "eps_pri": 0.018364689978887738,
        "eps_dual": 0.002736169930118582,
        "tau": 1.7554728111248553e-06
      },
      "mid_bisect_ms_per_iter": 521.5308186830953,
      "viol_check_ms": 853.1506536528468,
      "viol_check_n_viols": 296,
      "wall_s": 173.2934065433219
    },
    {
      "K": 400,
      "actual_K": 400,
      "decomp_ms": 32176.845310255885,
      "n_win_rows": 4712400,
      "assemble_t1_ms": 3322.823917027563,
      "nnz_full": 291672030,
      "n_rows_full": 5687405,
      "n_psd_cones": 570,
      "assemble_t2_ms": 5817.592093721032,
      "augment_ms": 24530.066333711147,
      "nnz_aug": 291741562,
      "n_rows_aug": 5687407,
      "solver_init_ms": 193742.4794086255,
      "linear_solver": "cg",
      "warmup_ms": 20119.36272494495,
      "hi_feas_ms": 144853.22667611763,
      "hi_feas": {
        "iters": 150,
        "status": "solved",
        "pri_res": 0.04273587774183978,
        "dual_res": 0.5298974209951791,
        "eps_pri": 0.02397538117786302,
        "eps_dual": 0.0027380474883120084,
        "tau": 3.18262371449205e-05
      },
      "hi_feas_ms_per_iter": 965.6881778407842,
      "mid_bisect_ms": 85752.26091127843,
      "mid_bisect": {
        "iters": 80,
        "status": "solved",
        "pri_res": 0.033651009066315955,
        "dual_res": 0.19597404634264803,
        "eps_pri": 0.0239727044405067,
        "eps_dual": 0.0027360493714109783,
        "tau": 2.5599685305974244e-05
      },
      "mid_bisect_ms_per_iter": 1071.9032613909803,
      "viol_check_ms": 359.0061501599848,
      "viol_check_n_viols": 96,
      "wall_s": 510.9413457401097
    }
  ],
  "timestamp": "2026-04-16T22:49:55.592953"
}