{
  "tag": "ruiz5_only_2026-04-16T23-15-40",
  "config": {
    "PROD": {
      "d": 16,
      "order": 3,
      "bandwidth": 15,
      "rho": 0.1,
      "atom_frac": 0.5,
      "cuts_per_round": 100,
      "k_vecs": 3,
      "add_upper_loc": true
    },
    "SCS_ITERS": 500,
    "SCS_EPS": 1e-05,
    "WARMUP_ITERS": 50,
    "HI_T": 1.4,
    "MID_T": 1.33
  },
  "fixed": {
    "precompute_ms": 3155.0879199057817,
    "base_build_ms": 122.47932283207774,
    "base_nnz": 1517781,
    "base_rows": 975005,
    "phase0_ms": 39021.52390219271,
    "phase0_iters": 500,
    "phase0_status": "solved_inaccurate",
    "phase0_scalar_lb": 0.9985703622419791,
    "viol_seed_ms": 1489.5805879496038,
    "n_seed_viols": 496
  },
  "scales": [
    {
      "K": 50,
      "actual_K": 50,
      "decomp_ms": 1654.3638561852276,
      "n_win_rows": 589050,
      "assemble_t1_ms": 161.53554199263453,
      "nnz_full": 16644585,
      "n_rows_full": 1564055,
      "n_psd_cones": 220,
      "assemble_t2_ms": 313.2461681962013,
      "augment_ms": 1492.3455696552992,
      "nnz_aug": 16660567,
      "n_rows_aug": 1564057,
      "solver_init_ms": 5767.108886968344,
      "linear_solver": "cg",
      "warmup_ms": 2088.2013319060206,
      "hi_feas_ms": 12201.61173818633,
      "hi_feas": {
        "iters": 70,
        "status": "solved",
        "pri_res": 0.04525342625513905,
        "dual_res": 0.3362085109948174,
        "eps_pri": 0.012594939198057056,
        "eps_dual": 0.0027390241908553927,
        "tau": 3.2277781500595612e-06
      },
      "hi_feas_ms_per_iter": 174.30873911694758,
      "mid_bisect_ms": 16360.947736073285,
      "mid_bisect": {
        "iters": 100,
        "status": "solved",
        "pri_res": 0.04286390224731275,
        "dual_res": 0.0745296431128664,
        "eps_pri": 0.012587263785877873,
        "eps_dual": 0.0027374961170930135,
        "tau": -7.565105160237904e-06
      },
      "mid_bisect_ms_per_iter": 163.60947736073285,
      "viol_check_ms": 1358.9180652052164,
      "viol_check_n_viols": 446,
      "wall_s": 41.49003245914355
    },
    {
      "K": 200,
      "actual_K": 200,
      "decomp_ms": 11085.546834859997,
      "n_win_rows": 2356200,
      "assemble_t1_ms": 1060.678144916892,
      "nnz_full": 101585595,
      "n_rows_full": 3331205,
      "n_psd_cones": 370,
      "assemble_t2_ms": 2414.593127090484,
      "augment_ms": 9171.846685931087,
      "nnz_aug": 101624527,
      "n_rows_aug": 3331207,
      "solver_init_ms": 40313.60419327393,
      "linear_solver": "cg",
      "warmup_ms": 7522.622029297054,
      "hi_feas_ms": 25758.517696987838,
      "hi_feas": {
        "iters": 50,
        "status": "solved",
        "pri_res": 0.06405171909702603,
        "dual_res": 0.8219592285454566,
        "eps_pri": 0.018356330123195205,
        "eps_dual": 0.0027402553914697473,
        "tau": 1.10735384044495e-05
      },
      "hi_feas_ms_per_iter": 515.1703539397568,
      "mid_bisect_ms": 49236.21322400868,
      "mid_bisect": {
        "iters": 100,
        "status": "solved",
        "pri_res": 0.039245454340321485,
        "dual_res": 0.15904145919175638,
        "eps_pri": 0.018349610237053417,
        "eps_dual": 0.0027369828720706334,
        "tau": -2.8605216628273328e-05
      },
      "mid_bisect_ms_per_iter": 492.3621322400868,
      "viol_check_ms": 893.3225781656802,
      "viol_check_n_viols": 296,
      "wall_s": 147.59575314586982
    },
    {
      "K": 400,
      "actual_K": 400,
      "decomp_ms": 32117.265306413174,
      "n_win_rows": 4712400,
      "assemble_t1_ms": 2684.2962009832263,
      "nnz_full": 291672030,
      "n_rows_full": 5687405,
      "n_psd_cones": 570,
      "assemble_t2_ms": 5179.13123825565,
      "augment_ms": 23769.205427262932,
      "nnz_aug": 291741562,
      "n_rows_aug": 5687407,
      "solver_init_ms": 150807.90762603283,
      "linear_solver": "cg",
      "warmup_ms": 20034.05842697248,
      "hi_feas_ms": 167136.16858189926,
      "hi_feas": {
        "iters": 170,
        "status": "solved",
        "pri_res": 0.03690500643343195,
        "dual_res": 0.25825654856926694,
        "eps_pri": 0.023961239227275576,
        "eps_dual": 0.0027371023683277415,
        "tau": 3.4495546587736404e-05
      },
      "hi_feas_ms_per_iter": 983.1539328347015,
      "mid_bisect_ms": 55554.05041528866,
      "mid_bisect": {
        "iters": 50,
        "status": "solved",
        "pri_res": 0.03422542573919328,
        "dual_res": 0.13903620833090213,
        "eps_pri": 0.023958725399463414,
        "eps_dual": 0.0027372819226689758,
        "tau": 4.445712905955724e-05
      },
      "mid_bisect_ms_per_iter": 1111.0810083057731,
      "viol_check_ms": 370.56031823158264,
      "viol_check_n_viols": 96,
      "wall_s": 458.04841651394963
    }
  ],
  "timestamp": "2026-04-16T23:27:12.059665"
}