{
  "tag": "baseline_2026-04-16T22-20-25",
  "config": {
    "PROD": {
      "d": 16,
      "order": 3,
      "bandwidth": 15,
      "rho": 0.1,
      "atom_frac": 0.5,
      "cuts_per_round": 100,
      "k_vecs": 3,
      "add_upper_loc": true
    },
    "SCS_ITERS": 500,
    "SCS_EPS": 1e-05,
    "WARMUP_ITERS": 50,
    "HI_T": 1.4,
    "MID_T": 1.33
  },
  "fixed": {
    "precompute_ms": 3173.5442359931767,
    "base_build_ms": 118.84525185450912,
    "base_nnz": 1517781,
    "base_rows": 975005,
    "phase0_ms": 39033.809738233685,
    "phase0_iters": 500,
    "phase0_status": "solved_inaccurate",
    "phase0_scalar_lb": 0.9985702506964838,
    "viol_seed_ms": 1553.940486162901,
    "n_seed_viols": 496
  },
  "scales": [
    {
      "K": 50,
      "actual_K": 50,
      "decomp_ms": 1631.169225089252,
      "n_win_rows": 589050,
      "assemble_t1_ms": 147.05036394298077,
      "nnz_full": 16644585,
      "n_rows_full": 1564055,
      "n_psd_cones": 220,
      "assemble_t2_ms": 282.237408682704,
      "augment_ms": 1448.4722772613168,
      "nnz_aug": 16660567,
      "n_rows_aug": 1564057,
      "solver_init_ms": 7233.41060616076,
      "linear_solver": "cg",
      "warmup_ms": 2088.4033609181643,
      "hi_feas_ms": 22832.327235955745,
      "hi_feas": {
        "iters": 140,
        "status": "solved",
        "pri_res": 0.03540435705421203,
        "dual_res": 0.17116837430443774,
        "eps_pri": 0.012606767816124012,
        "eps_dual": 0.0027364803609317596,
        "tau": -1.2622892052087165e-05
      },
      "hi_feas_ms_per_iter": 163.08805168539817,
      "mid_bisect_ms": 12177.139113191515,
      "mid_bisect": {
        "iters": 70,
        "status": "solved",
        "pri_res": 0.023645953489352084,
        "dual_res": 0.022490618596636446,
        "eps_pri": 0.012605052736491576,
        "eps_dual": 0.002736213641498946,
        "tau": 2.0650231059920326e-05
      },
      "mid_bisect_ms_per_iter": 173.95913018845022,
      "viol_check_ms": 1420.4041566699743,
      "viol_check_n_viols": 446,
      "wall_s": 49.356829358730465
    },
    {
      "K": 200,
      "actual_K": 200,
      "decomp_ms": 11053.823531139642,
      "n_win_rows": 2356200,
      "assemble_t1_ms": 1051.4824860729277,
      "nnz_full": 101585595,
      "n_rows_full": 3331205,
      "n_psd_cones": 370,
      "assemble_t2_ms": 2366.8915582820773,
      "augment_ms": 9584.320512134582,
      "nnz_aug": 101624527,
      "n_rows_aug": 3331207,
      "solver_init_ms": 48115.91830011457,
      "linear_solver": "cg",
      "warmup_ms": 7532.750738784671,
      "hi_feas_ms": 63260.27342909947,
      "hi_feas": {
        "iters": 130,
        "status": "solved",
        "pri_res": 0.03163039439267953,
        "dual_res": 0.3151084827288826,
        "eps_pri": 0.018366811883115473,
        "eps_dual": 0.0027366158876983974,
        "tau": 2.062651622907982e-05
      },
      "hi_feas_ms_per_iter": 486.6174879161498,
      "mid_bisect_ms": 31412.034017033875,
      "mid_bisect": {
        "iters": 60,
        "status": "solved",
        "pri_res": 0.015839012747696952,
        "dual_res": 0.20095762963944327,
        "eps_pri": 0.018364690011236442,
        "eps_dual": 0.0027361705555998582,
        "tau": 1.7979974810260688e-06
      },
      "mid_bisect_ms_per_iter": 523.5339002838979,
      "viol_check_ms": 944.1625163890421,
      "viol_check_n_viols": 296,
      "wall_s": 175.43362430902198
    },
    {
      "K": 400,
      "actual_K": 400,
      "decomp_ms": 32305.714264977723,
      "n_win_rows": 4712400,
      "assemble_t1_ms": 4244.402993936092,
      "nnz_full": 291672030,
      "n_rows_full": 5687405,
      "n_psd_cones": 570,
      "assemble_t2_ms": 7117.7823091857135,
      "augment_ms": 26387.957281898707,
      "nnz_aug": 291741562,
      "n_rows_aug": 5687407,
      "solver_init_ms": 198726.15402704105,
      "linear_solver": "cg",
      "warmup_ms": 18329.26827808842,
      "hi_feas_ms": 144017.25224312395,
      "hi_feas": {
        "iters": 150,
        "status": "solved",
        "pri_res": 0.04266719275582139,
        "dual_res": 0.5273940685532287,
        "eps_pri": 0.023975408748695578,
        "eps_dual": 0.00273803247439075,
        "tau": 3.122324949970154e-05
      },
      "hi_feas_ms_per_iter": 960.1150149541596,
      "mid_bisect_ms": 86076.32532063872,
      "mid_bisect": {
        "iters": 80,
        "status": "solved",
        "pri_res": 0.03365105825125377,
        "dual_res": 0.19561746887436768,
        "eps_pri": 0.023972706904535367,
        "eps_dual": 0.002736048172235002,
        "tau": 2.576737506632994e-05
      },
      "mid_bisect_ms_per_iter": 1075.954066507984,
      "viol_check_ms": 318.5601457953453,
      "viol_check_n_viols": 96,
      "wall_s": 517.7391085121781
    }
  ],
  "timestamp": "2026-04-16T22:33:32.307828"
}