{
  "n_half": 3,
  "m": 20,
  "c_target": 1.3,
  "level_completed": 2,
  "d_survivors": 24,
  "n_survived": 39714,
  "info": {
    "n_half": 3,
    "m": 20,
    "d0": 6,
    "c_target": 1.3,
    "correction": 0.10250000000000001,
    "l0_time": 0.010203361511230469,
    "l0_survivors": 2725,
    "l0_pruned_asym": 3711,
    "l0_pruned_test": 20162,
    "levels": [
      {
        "level": 1,
        "d_parent": 6,
        "d_child": 12,
        "parents_in": 2725,
        "total_children": 7468994,
        "children_per_parent": 2740.915229357798,
        "survivors_out": 86943,
        "expansion_factor": 31.905688073394494,
        "elapsed": 1.446380376815796
      },
      {
        "level": 2,
        "d_parent": 12,
        "d_child": 24,
        "parents_in": 86943,
        "total_children": 2123724638,
        "children_per_parent": 24426.631678225964,
        "survivors_out": 39714,
        "expansion_factor": 0.45678202960560366,
        "elapsed": 50.85173177719116
      }
    ]
  }
}