{
  "n_half": 3,
  "m": 20,
  "d0": 6,
  "c_target": 1.3,
  "correction": 0.10250000000000001,
  "l0_time": 0.010203361511230469,
  "l0_survivors": 2725,
  "l0_pruned_asym": 3711,
  "l0_pruned_test": 20162,
  "levels": [],
  "total_time": 0.013434171676635742
}