n_half,m,d0,correction,l0_compositions,l0_survivors,l0_time,l0_pruned_asym,l0_pruned_test,sample_size,L1_parents_processed,L1_parents_available,L1_projected_parents,L1_survivors_out,L1_projected_survivors,L1_expansion_factor,L1_elapsed,L1_projected_time,L1_total_children,L1_throughput,L2_parents_processed,L2_parents_available,L2_projected_parents,L2_survivors_out,L2_projected_survivors,L2_expansion_factor,L2_elapsed,L2_projected_time,L2_total_children,L2_throughput,L3_parents_processed,L3_parents_available,L3_projected_parents,L3_survivors_out,L3_projected_survivors,L3_expansion_factor,L3_elapsed,L3_projected_time,L3_total_children,L3_throughput,proven_at,projected_total,error
3,15,6,0.13777777777777778,15504,997,0.006243705749511719,1126,5629,10000,997,997,997,17637,17637,17.690070210631895,0.14522600173950195,0.14522600173950195,829122,5709184.237456536,10000,17637,17637,5387,9501,0.5387,4.262486934661865,7.517748206663132,42323486,9929294.012805564,5387,5387,9501,0,0,0.0,13.785681009292603,24.31380559608936,87778568,6367372.634027331,L3,31.983023510241505,
3,20,6,0.10250000000000001,53130,2725,0.00473475456237793,3711,20162,10000,2725,2725,2725,87029,87029,31.937247706422017,0.6820559501647949,0.6820559501647949,7468994,10950705.727580529,10000,87029,87029,4850,42209,0.485,19.207024812698364,167.1568162424326,242239866,12612045.247103948,4850,4850,42209,0,0,0.0,92.45607018470764,804.6359332104921,873134976,9443782.049741691,L3,972.4795401576519,
3,25,6,0.0816,142506,6264,0.007994651794433594,9681,55308,10000,6264,6264,6264,313231,313231,50.00494891443167,3.010617971420288,3.010617971420288,49329298,16385107.1335791,10000,313231,313231,6332,198337,0.6332,67.6472806930542,2118.922537876606,1094965348,16186391.186489,1732,6332,198337,0,0,0.0,300.1663534641266,34373.18415219914,2744366016,9142816.922443587,L3,36495.12530269896,
3,30,6,0.06777777777777777,324632,12600,0.049356937408447266,21602,128182,10000,10000,12600,12600,706093,889677,70.6093,22.406695127487183,28.23243586063385,183587292,8193412.324104244,7342,706093,889677,800,96941,0.1089621356578589,300.0190122127533,36355.22592370307,3323279608,11076896.705610622,519,800,96941,0,0,0.0,300.6177189350128,56150.7129913486,3886818192,12929438.110866139,L3,92534.22070784972,
