n_half,m,d0,correction,l0_compositions,l0_survivors,l0_time,l0_pruned_asym,l0_pruned_test,sample_size,L1_parents_processed,L1_parents_available,L1_projected_parents,L1_survivors_out,L1_projected_survivors,L1_expansion_factor,L1_elapsed,L1_projected_time,L1_total_children,L1_throughput,L2_parents_processed,L2_parents_available,L2_projected_parents,L2_survivors_out,L2_projected_survivors,L2_expansion_factor,L2_elapsed,L2_projected_time,L2_total_children,L2_throughput,L3_parents_processed,L3_parents_available,L3_projected_parents,L3_survivors_out,L3_projected_survivors,L3_expansion_factor,L3_elapsed,L3_projected_time,L3_total_children,L3_throughput,L4_parents_processed,L4_parents_available,L4_projected_parents,L4_survivors_out,L4_projected_survivors,L4_expansion_factor,L4_elapsed,L4_projected_time,L4_total_children,L4_throughput,proven_at,projected_total,error
6,10,12,2.5200000000000005,352716,75819,0.0481874942779541,19734,80931,5000,4996,75819,75819,847479,12851002,169.4958,2.4326961040496826,36.88891718258858,1097360,451087.99170321226,5000,847479,12851002,659983,1696288578,131.9966,6.932271718978882,17817.327628492763,782801,112921.28060371327,3223,659983,1696288578,2858393,1504393235766,886.873409866584,120.02121114730835,63168045.19132619,3300352,27498.07278606199,0,2858393,1504393235766,0,0,0.0,0.0,0.0,0,0,L4,63185899.45605937,
6,15,12,1.6533333333333333,7726160,1014274,0.9109513759613037,326536,2522270,5000,5000,1014274,1014274,6393289,1296909361,1278.6578,18.606914520263672,3774.5019236251833,10932614,587556.5230384623,2829,6393289,1296909361,11281212,5171689448977,3987.7030752916226,120.04061150550842,55030679.67979496,18053202,150392.45280062218,940,11281212,5171689448977,2858056,15724444744454440,3040.4851063829788,120.31097054481506,661926571237.1031,4127840,34309.7556383057,31,2858056,15724444744454440,834888,423488716897034764288,26931.870967741936,124.95451498031616,6.3381947302518904e+16,1015808,8129.422135406778,,6.33826092841246e+16,
