n_half,m,d0,correction,l0_compositions,l0_survivors,l0_time,l0_pruned_asym,l0_pruned_test,sample_size,L1_parents_processed,L1_parents_available,L1_projected_parents,L1_survivors_out,L1_projected_survivors,L1_expansion_factor,L1_elapsed,L1_projected_time,L1_total_children,L1_throughput,L2_parents_processed,L2_parents_available,L2_projected_parents,L2_survivors_out,L2_projected_survivors,L2_expansion_factor,L2_elapsed,L2_projected_time,L2_total_children,L2_throughput,L3_parents_processed,L3_parents_available,L3_projected_parents,L3_survivors_out,L3_projected_survivors,L3_expansion_factor,L3_elapsed,L3_projected_time,L3_total_children,L3_throughput,proven_at,projected_total,error
3,15,6,0.13777777777777778,15504,1207,0.007993459701538086,1126,5419,10000,1207,1207,1207,38886,38886,32.217067108533556,0.20915508270263672,0.20915508270263672,995172,4758057.930702414,10000,38886,38886,18677,72627,1.8677,4.46642279624939,17.368131685495374,41153956,9214075.307550017,10000,18677,72627,0,0,0.0,27.936203718185425,202.89333446577137,156022296,5584949.822600102,L3,220.47861469367092,
3,20,6,0.10250000000000001,53130,3480,0.0040569305419921875,3711,19407,10000,3480,3480,3480,218826,218826,62.88103448275862,0.9634308815002441,0.9634308815002441,9300425,9653442.897239788,10000,218826,218826,41510,908346,4.151,21.382498502731323,467.90466173586844,247549098,11577182.992360737,10000,41510,908346,0,0,0.0,185.2747597694397,16829.372144700705,1726124768,9316567.297931086,L3,17298.244294248616,
3,25,6,0.0816,142506,8455,0.009197235107421875,9681,53117,10000,8455,8455,8455,1025655,1025655,121.30751034890598,5.255192995071411,5.255192995071411,64909044,12351410.13105989,10000,1025655,1025655,87385,8962686,8.7385,78.81609749794006,8083.812447924972,1138535410,14445467.945552072,1319,87385,8962686,0,0,0.0,300.13063502311707,2039406.1455429976,1897320424,6321648.650941155,L3,2047495.2223811527,
3,30,6,0.06777777777777777,324632,18209,0.04839968681335449,21602,122573,10000,10000,18209,18209,2092941,3811036,209.2941,25.64361834526062,46.69446464488506,182286866,7108468.997850677,10000,2092941,3811036,134096,51104471,13.4096,292.54066348075867,111488.30780681595,4579507420,15654259.361797096,391,134096,51104471,0,0,0.0,300.0516052246094,39217337.17426824,4083592896,13609635.225724416,L3,39328872.22493938,
