n_half,m,d0,correction,l0_compositions,l0_survivors,l0_time,l0_pruned_asym,l0_pruned_test,sample_size,L1_parents_processed,L1_parents_available,L1_projected_parents,L1_survivors_out,L1_projected_survivors,L1_expansion_factor,L1_elapsed,L1_projected_time,L1_total_children,L1_throughput,L2_parents_processed,L2_parents_available,L2_projected_parents,L2_survivors_out,L2_projected_survivors,L2_expansion_factor,L2_elapsed,L2_projected_time,L2_total_children,L2_throughput,L3_parents_processed,L3_parents_available,L3_projected_parents,L3_survivors_out,L3_projected_survivors,L3_expansion_factor,L3_elapsed,L3_projected_time,L3_total_children,L3_throughput,L4_parents_processed,L4_parents_available,L4_projected_parents,L4_survivors_out,L4_projected_survivors,L4_expansion_factor,L4_elapsed,L4_projected_time,L4_total_children,L4_throughput,proven_at,projected_total,error
2,20,4,0.10250000000000001,1771,299,0.03209185600280762,190,402,5000,299,299,299,36455,36455,121.92307692307692,0.20613431930541992,0.20613431930541992,206748,1002977.0913288379,5000,36455,36455,412812,3009812,82.5624,7.519675016403198,54.82595054459572,34317805,4563735.124874433,5000,412812,3009812,29884,17989046,5.9768,58.053110122680664,34945.792887214775,291767802,5025877.190445474,1240,29884,17989046,0,0,0.0,120.02509307861328,1741239.4623929097,369723456,3080384.6638789177,L4,1776240.3194568444,
3,20,6,0.10250000000000001,53130,4584,0.5207018852233887,3711,18303,5000,4584,4584,4584,568461,568461,124.0098167539267,3.1408004760742188,3.1408004760742188,11979053,3814012.7305931193,5000,568461,568461,130370,14822052,26.074,23.132138967514038,2629.9437699223995,121249371,5241597.89850296,3025,130370,14822052,49,240092,0.016198347107438015,120.00625920295715,588012.9017892308,492956876,4107759.705819184,49,49,240092,0,0,0.0,6.216875314712524,30461.768562284025,29736960,4783264.661851284,L4,621108.2756237985,
