{
  "sweep_params": {
    "c_target": 1.4,
    "max_parents_per_level": 10000,
    "m_values": [
      15,
      20,
      30,
      15,
      20,
      30
    ],
    "n_half_values": [
      2,
      3
    ]
  },
  "results": [
    {
      "n_half": 2,
      "m": 15,
      "d0": 4,
      "correction": 0.5511111111111111,
      "l0_compositions": 816,
      "sample_size": 10000,
      "l0_time": 0.04547452926635742,
      "l0_survivors": 164,
      "l0_pruned_asym": 88,
      "l0_pruned_test": 156,
      "levels": [
        {
          "level": 1,
          "d_parent": 4,
          "d_child": 8,
          "parents_processed": 164,
          "parents_requested": 164,
          "parents_available": 164,
          "projected_parents": 164,
          "survivors_out": 10189,
          "projected_survivors": 10189,
          "elapsed": 0.13533902168273926,
          "projected_time": 0.13533902168273926,
          "total_children": 42444,
          "throughput": 313612.4339622974,
          "expansion_factor": 62.1280487804878,
          "timed_out": false
        },
        {
          "level": 2,
          "d_parent": 8,
          "d_child": 16,
          "parents_processed": 10000,
          "parents_requested": 10000,
          "parents_available": 10189,
          "projected_parents": 10189,
          "survivors_out": 475315,
          "projected_survivors": 484298,
          "elapsed": 2.5993387699127197,
          "projected_time": 2.64846627266407,
          "total_children": 15260135,
          "throughput": 5870775.743675921,
          "expansion_factor": 47.5315,
          "timed_out": false
        },
        {
          "level": 3,
          "d_parent": 16,
          "d_child": 32,
          "parents_processed": 10000,
          "parents_requested": 10000,
          "parents_available": 475315,
          "projected_parents": 484298,
          "survivors_out": 24928,
          "projected_survivors": 1207259,
          "elapsed": 11.09524655342102,
          "projected_time": 537.3410747023005,
          "total_children": 74404342,
          "throughput": 6705965.626068828,
          "expansion_factor": 2.4928,
          "timed_out": false
        },
        {
          "level": 4,
          "d_parent": 32,
          "d_child": 64,
          "parents_processed": 10000,
          "parents_requested": 10000,
          "parents_available": 24928,
          "projected_parents": 1207259,
          "survivors_out": 0,
          "projected_survivors": 0,
          "elapsed": 79.44026017189026,
          "projected_time": 9590.498374215267,
          "total_children": 228052224,
          "throughput": 2870738.6343718916,
          "expansion_factor": 0.0,
          "timed_out": false
        }
      ],
      "proven_at": "L4",
      "projected_total": 10130.66872874118
    }
  ]
}