{
  "sweep_params": {
    "c_target": 1.37,
    "max_parents_per_level": 10000,
    "m_values": [
      15,
      20,
      30,
      15,
      20,
      30
    ],
    "n_half_values": [
      2,
      3
    ]
  },
  "results": [
    {
      "n_half": 2,
      "m": 15,
      "d0": 4,
      "correction": 0.5511111111111111,
      "l0_compositions": 816,
      "sample_size": 10000,
      "l0_time": 0.2857170104980469,
      "l0_survivors": 222,
      "l0_pruned_asym": 88,
      "l0_pruned_test": 98,
      "levels": [
        {
          "level": 1,
          "d_parent": 4,
          "d_child": 8,
          "parents_processed": 222,
          "parents_requested": 222,
          "parents_available": 222,
          "projected_parents": 222,
          "survivors_out": 34969,
          "projected_survivors": 34969,
          "elapsed": 16.683002471923828,
          "projected_time": 16.683002471923828,
          "total_children": 51210,
          "throughput": 3069.591345213931,
          "expansion_factor": 157.518018018018,
          "timed_out": false
        },
        {
          "level": 2,
          "d_parent": 8,
          "d_child": 16,
          "parents_processed": 10000,
          "parents_requested": 10000,
          "parents_available": 34969,
          "projected_parents": 34969,
          "survivors_out": 6964579,
          "projected_survivors": 24354436,
          "elapsed": 15.554094314575195,
          "projected_time": 54.391112408638,
          "total_children": 10580628,
          "throughput": 680247.1288916684,
          "expansion_factor": 696.4579,
          "timed_out": false
        },
        {
          "level": 3,
          "d_parent": 16,
          "d_child": 32,
          "parents_processed": 10000,
          "parents_requested": 10000,
          "parents_available": 6964579,
          "projected_parents": 24354436,
          "survivors_out": 28705155,
          "projected_survivors": 69909786907,
          "elapsed": 225.03019404411316,
          "projected_time": 548048.3527571647,
          "total_children": 41489398,
          "throughput": 184372.5824271686,
          "expansion_factor": 2870.5155,
          "timed_out": false
        },
        {
          "level": 4,
          "d_parent": 32,
          "d_child": 64,
          "parents_processed": 3341,
          "parents_requested": 10000,
          "parents_available": 28705155,
          "projected_parents": 69909786907,
          "survivors_out": 22876751,
          "projected_survivors": 478691645479537,
          "elapsed": 600.0713124275208,
          "projected_time": 12556377605.849506,
          "total_children": 29603712,
          "throughput": 49333.65649532807,
          "expansion_factor": 6847.276563903023,
          "timed_out": true
        },
        {
          "level": 5,
          "d_parent": 64,
          "d_child": 128,
          "parents_processed": 1187,
          "parents_requested": 10000,
          "parents_available": 22876751,
          "projected_parents": 478691645479537,
          "survivors_out": 6052257,
          "projected_survivors": 2440745460989929984,
          "elapsed": 600.0057947635651,
          "projected_time": 241969470254952.3,
          "total_children": 7374448,
          "throughput": 12290.627964528132,
          "expansion_factor": 5098.784330244313,
          "timed_out": true
        },
        {
          "level": 6,
          "d_parent": 128,
          "d_child": 256,
          "parents_processed": 58,
          "parents_requested": 10000,
          "parents_available": 6052257,
          "projected_parents": 2440745460989929984,
          "survivors_out": 1583380,
          "projected_survivors": 66631509448659231047680,
          "elapsed": 603.9186260700226,
          "projected_time": 2.541399388599452e+19,
          "total_children": 1900544,
          "throughput": 3147.020008916959,
          "expansion_factor": 27299.655172413793,
          "timed_out": true
        },
        {
          "level": 7,
          "d_parent": 256,
          "d_child": 512,
          "parents_processed": 0,
          "parents_requested": 10000,
          "parents_available": 1583380,
          "projected_parents": 66631509448659231047680,
          "survivors_out": 0,
          "projected_survivors": 0,
          "elapsed": 0.0,
          "projected_time": 0.0,
          "total_children": 0,
          "throughput": 0,
          "expansion_factor": 0.0,
          "timed_out": false
        }
      ],
      "proven_at": "L7",
      "projected_total": 2.5414235868021703e+19
    },
    {
      "n_half": 2,
      "m": 20,
      "d0": 4,
      "correction": 0.41000000000000003,
      "l0_compositions": 1771,
      "sample_size": 10000,
      "l0_time": 0.01942896842956543,
      "l0_survivors": 438,
      "l0_pruned_asym": 190,
      "l0_pruned_test": 263,
      "levels": [
        {
          "level": 1,
          "d_parent": 4,
          "d_child": 8,
          "parents_processed": 438,
          "parents_requested": 438,
          "parents_available": 438,
          "projected_parents": 438,
          "survivors_out": 150789,
          "projected_survivors": 150789,
          "elapsed": 0.1482245922088623,
          "projected_time": 0.1482245922088623,
          "total_children": 263537,
          "throughput": 1777957.3286236587,
          "expansion_factor": 344.2671232876712,
          "timed_out": false
        },
        {
          "level": 2,
          "d_parent": 8,
          "d_child": 16,
          "parents_processed": 10000,
          "parents_requested": 10000,
          "parents_available": 150789,
          "projected_parents": 150789,
          "survivors_out": 24617931,
          "projected_survivors": 371211319,
          "elapsed": 44.85805797576904,
          "projected_time": 676.4101704108239,
          "total_children": 45685240,
          "throughput": 1018439.9874082328,
          "expansion_factor": 2461.7931,
          "timed_out": false
        },
        {
          "level": 3,
          "d_parent": 16,
          "d_child": 32,
          "parents_processed": 4456,
          "parents_requested": 10000,
          "parents_available": 24617931,
          "projected_parents": 371211319,
          "survivors_out": 86071236,
          "projected_survivors": 7170246209286,
          "elapsed": 600.157862663269,
          "projected_time": 49996721.782116756,
          "total_children": 162879994,
          "throughput": 271395.25137136655,
          "expansion_factor": 19315.807001795332,
          "timed_out": true
        },
        {
          "level": 4,
          "d_parent": 32,
          "d_child": 64,
          "parents_processed": 362,
          "parents_requested": 10000,
          "parents_available": 86071236,
          "projected_parents": 7170246209286,
          "survivors_out": 17405138,
          "projected_survivors": 344748963443679168,
          "elapsed": 604.5075392723083,
          "projected_time": 11973668209813.531,
          "total_children": 26168624,
          "throughput": 43289.16068028061,
          "expansion_factor": 48080.49171270718,
          "timed_out": true
        },
        {
          "level": 5,
          "d_parent": 64,
          "d_child": 128,
          "parents_processed": 11,
          "parents_requested": 10000,
          "parents_available": 17405138,
          "projected_parents": 344748963443679168,
          "survivors_out": 3766864,
          "projected_survivors": 118056587221210096467968,
          "elapsed": 611.9164247512817,
          "projected_time": 1.9177959377015136e+19,
          "total_children": 4555776,
          "throughput": 7445.095139996824,
          "expansion_factor": 342442.1818181818,
          "timed_out": true
        },
        {
          "level": 6,
          "d_parent": 128,
          "d_child": 256,
          "parents_processed": 2,
          "parents_requested": 10000,
          "parents_available": 3766864,