{
  "sweep_params": {
    "c_target": 1.4,
    "max_parents_per_level": 5000,
    "m_values": [
      30,
      30,
      30
    ],
    "n_half_values": [
      2,
      3,
      4
    ]
  },
  "results": [
    {
      "n_half": 2,
      "m": 30,
      "d0": 4,
      "correction": 0.06777777777777777,
      "l0_compositions": 5456,
      "sample_size": 5000,
      "l0_time": 0.007767677307128906,
      "l0_survivors": 1017,
      "l0_pruned_asym": 425,
      "l0_pruned_test": 1294,
      "levels": [
        {
          "level": 1,
          "d_parent": 4,
          "d_child": 8,
          "parents_processed": 1017,
          "parents_requested": 1017,
          "parents_available": 1017,
          "projected_parents": 1017,
          "survivors_out": 507045,
          "projected_survivors": 507045,
          "elapsed": 0.6862084865570068,
          "projected_time": 0.6862084865570068,
          "total_children": 2607521,
          "throughput": 3799896.170161078,
          "expansion_factor": 498.5693215339233,
          "timed_out": false
        },
        {
          "level": 2,
          "d_parent": 8,
          "d_child": 16,
          "parents_processed": 5000,
          "parents_requested": 5000,
          "parents_available": 507045,
          "projected_parents": 507045,
          "survivors_out": 5030431,
          "projected_survivors": 510130977,
          "elapsed": 55.66669225692749,
          "projected_time": 5645.10359508276,
          "total_children": 335667660,
          "throughput": 6029955.192069591,
          "expansion_factor": 1006.0862,
          "timed_out": false
        },
        {
          "level": 3,
          "d_parent": 16,
          "d_child": 32,
          "parents_processed": 435,
          "parents_requested": 5000,
          "parents_available": 5030431,
          "projected_parents": 510130977,
          "survivors_out": 122663,
          "projected_survivors": 143848726588,
          "elapsed": 120.12682008743286,
          "projected_time": 140874510.64050743,
          "total_children": 733068688,
          "throughput": 6102456.449495997,
          "expansion_factor": 281.983908045977,
          "timed_out": true
        },
        {
          "level": 4,
          "d_parent": 32,
          "d_child": 64,
          "parents_processed": 22,
          "parents_requested": 5000,
          "parents_available": 122663,
          "projected_parents": 143848726588,
          "survivors_out": 0,
          "projected_survivors": 0,
          "elapsed": 122.3010938167572,
          "projected_time": 799675300268.8446,
          "total_children": 582322176,
          "throughput": 4761381.585617614,
          "expansion_factor": 0.0,
          "timed_out": true
        }
      ],
      "proven_at": "L4",
      "projected_total": 799816180425.2827
    },
    {
      "n_half": 3,
      "m": 30,
      "d0": 6,
      "correction": 0.06777777777777777,
      "l0_compositions": 324632,
      "sample_size": 5000,
      "l0_time": 0.04242515563964844,
      "l0_survivors": 31740,
      "l0_pruned_asym": 14231,
      "l0_pruned_test": 116413,
      "levels": [
        {
          "level": 1,
          "d_parent": 6,
          "d_child": 12,
          "parents_processed": 5000,
          "parents_requested": 5000,
          "parents_available": 31740,
          "projected_parents": 31740,
          "survivors_out": 4698881,
          "projected_survivors": 29828496,
          "elapsed": 16.867164850234985,
          "projected_time": 107.07276246929169,
          "total_children": 85485883,
          "throughput": 5068183.287412943,
          "expansion_factor": 939.7762,
          "timed_out": false
        },
        {
          "level": 2,
          "d_parent": 12,
          "d_child": 24,
          "parents_processed": 2268,
          "parents_requested": 5000,
          "parents_available": 4698881,
          "projected_parents": 29828496,
          "survivors_out": 2306286,
          "projected_survivors": 30332030018,
          "elapsed": 120.13204073905945,
          "projected_time": 1579963.9185601904,
          "total_children": 1040844100,
          "throughput": 8664167.307877775,
          "expansion_factor": 1016.8809523809524,
          "timed_out": true
        },
        {
          "level": 3,
          "d_parent": 24,
          "d_child": 48,
          "parents_processed": 111,
          "parents_requested": 5000,
          "parents_available": 2306286,
          "projected_parents": 30332030018,
          "survivors_out": 6,
          "projected_survivors": 1639569190,
          "elapsed": 120.10202479362488,
          "projected_time": 32819263255.158127,
          "total_children": 1119465696,
          "throughput": 9320956.06151198,
          "expansion_factor": 0.05405405405405406,
          "timed_out": true
        },
        {
          "level": 4,
          "d_parent": 48,
          "d_child": 96,
          "parents_processed": 6,
          "parents_requested": 6,
          "parents_available": 6,
          "projected_parents": 1639569190,
          "survivors_out": 0,
          "projected_survivors": 0,
          "elapsed": 121.56284546852112,
          "projected_time": 33218449350.316635,
          "total_children": 702554112,
          "throughput": 5779349.021423881,
          "expansion_factor": 0.0,
          "timed_out": false
        }
      ],
      "proven_at": "L4",
      "projected_total": 66039292676.508514
    },
    {
      "n_half": 4,
      "m": 30,
      "d0": 8,
      "correction": 0.06777777777777777,
      "l0_compositions": 10295472,
      "sample_size": 5000,
      "l0_time": 1.2909822463989258,
      "l0_survivors": 502669,
      "l0_pruned_asym": 279336,
      "l0_pruned_test": 4366139,
      "levels": [
        {
          "level": 1,
          "d_parent": 8,
          "d_child": 16,
          "parents_processed": 5000,
          "parents_requested": 5000,
          "parents_available": 502669,
          "projected_parents": 502669,
          "survivors_out": 5298487,
          "projected_survivors": 532677032,
          "elapsed": 46.90673017501831,
          "projected_time": 4715.7118300692555,
          "total_children": 335429758,
          "throughput": 7150994.254949025,
          "expansion_factor": 1059.6974,
          "timed_out": false
        },
        {
          "level": 2,
          "d_parent": 16,
          "d_child": 32,
          "parents_processed": 578,
          "parents_requested": 5000,
          "parents_available": 5298487,
          "projected_parents": 532677032,
          "survivors_out": 495031,
          "projected_survivors": 456213916966,
          "elapsed": 120.03701305389404,
          "projected_time": 110624498.07435793,
          "total_children": 913852163,
          "throughput": 7613086.495160455,
          "expansion_factor": 856.4550173010381,
          "timed_out": true
        },
        {
          "level": 3,
          "d_parent": 32,
          "d_child": 64,
          "parents_processed": 22,
          "parents_requested": 5000,
          "parents_available": 495031,
          "projected_parents": 456213916966,
          "survivors_out": 0,
          "projected_survivors": 0,
          "elapsed": 124.03868579864502,
          "projected_time": 2572189759252.1577,
          "total_children": 684532224,
          "throughput": 5518699.4250424225,
          "expansion_factor": 0.0,
          "timed_out": true
        }
      ],
      "proven_at": "L3",
      "projected_total": 2572300388467.235
    }
  ]
}