n_half,m,d0,correction,l0_compositions,l0_survivors,l0_time,l0_pruned_asym,l0_pruned_test,sample_size,L1_parents_processed,L1_parents_available,L1_projected_parents,L1_survivors_out,L1_projected_survivors,L1_expansion_factor,L1_elapsed,L1_projected_time,L1_total_children,L1_throughput,L2_parents_processed,L2_parents_available,L2_projected_parents,L2_survivors_out,L2_projected_survivors,L2_expansion_factor,L2_elapsed,L2_projected_time,L2_total_children,L2_throughput,L3_parents_processed,L3_parents_available,L3_projected_parents,L3_survivors_out,L3_projected_survivors,L3_expansion_factor,L3_elapsed,L3_projected_time,L3_total_children,L3_throughput,L4_parents_processed,L4_parents_available,L4_projected_parents,L4_survivors_out,L4_projected_survivors,L4_expansion_factor,L4_elapsed,L4_projected_time,L4_total_children,L4_throughput,proven_at,projected_total,error
2,30,4,0.06777777777777777,5456,901,0.11261343955993652,581,1254,5000,901,901,901,358132,358132,397.48279689234187,0.7506246566772461,0.7506246566772461,2419870,3223808.302157195,5000,358132,358132,2432865,174257361,486.573,46.16582489013672,3306.691839910889,334802421,7252170.231913915,504,2432865,174257361,24057,8317677279,47.732142857142854,120.31382846832275,41598353.80400038,824648572,6854146.2149309,16,24057,8317677279,0,0,0.0,122.1173779964447,63483308774.71144,589625856,4828353.389778531,L4,63524910436.07052,
3,30,6,0.06777777777777777,324632,25998,0.12823700904846191,21602,114784,5000,5000,25998,25998,2826568,14697022,565.3136,14.125763654708862,73.44832069902421,89084508,6306526.866623839,2594,2826568,14697022,546590,3096856509,210.71318427139553,120.02006959915161,680006.831185731,1191273828,9925621.872897338,146,546590,3096856509,0,0,0.0,120.07482957839966,2546948751.0686674,1317659568,10973653.451156218,,,,,,,,,,,L3,2547628831.476411,
4,30,8,0.06777777777777777,10295472,354873,1.0991194248199463,462792,4330479,5000,5000,354873,354873,2461707,174718669,492.3414,28.332679271697998,2010.9005782370566,336739999,11885215.505770236,753,2461707,174718669,72895,16913834559,96.80610889774236,120.1565682888031,27879941.24859473,1212270928,10089094.131635305,28,72895,16913834559,0,0,0.0,120.841792345047,72996360130.00188,965169408,7987049.755469469,,,,,,,,,,,L3,73024242083.25017,
