{
  "sweep_params": {
    "c_target": 1.35,
    "max_parents_per_level": 10000,
    "m_values": [
      15,
      20,
      25,
      30
    ],
    "n_half_values": [
      3
    ]
  },
  "results": [
    {
      "n_half": 3,
      "m": 15,
      "d0": 6,
      "correction": 0.13777777777777778,
      "l0_compositions": 15504,
      "sample_size": 10000,
      "l0_time": 0.006981849670410156,
      "l0_survivors": 1411,
      "l0_pruned_asym": 1126,
      "l0_pruned_test": 5215,
      "levels": [
        {
          "level": 1,
          "d_parent": 6,
          "d_child": 12,
          "parents_processed": 1411,
          "parents_requested": 1411,
          "parents_available": 1411,
          "projected_parents": 1411,
          "survivors_out": 64610,
          "projected_survivors": 64610,
          "elapsed": 0.2515749931335449,
          "projected_time": 0.2515749931335449,
          "total_children": 1142588,
          "throughput": 4541739.167984291,
          "expansion_factor": 45.79021970233877,
          "timed_out": false
        },
        {
          "level": 2,
          "d_parent": 12,
          "d_child": 24,
          "parents_processed": 10000,
          "parents_requested": 10000,
          "parents_available": 64610,
          "projected_parents": 64610,
          "survivors_out": 56079,
          "projected_survivors": 362326,
          "elapsed": 5.041615009307861,
          "projected_time": 32.57387457513809,
          "total_children": 40060586,
          "throughput": 7945982.770608207,
          "expansion_factor": 5.6079,
          "timed_out": false
        },
        {
          "level": 3,
          "d_parent": 24,
          "d_child": 48,
          "parents_processed": 10000,
          "parents_requested": 10000,
          "parents_available": 56079,
          "projected_parents": 362326,
          "survivors_out": 1,
          "projected_survivors": 36,
          "elapsed": 30.25444746017456,
          "projected_time": 1096.1985607068693,
          "total_children": 150799712,
          "throughput": 4984381.625164538,
          "expansion_factor": 0.0001,
          "timed_out": false
        },
        {
          "level": 4,
          "d_parent": 48,
          "d_child": 96,
          "parents_processed": 1,
          "parents_requested": 1,
          "parents_available": 1,
          "projected_parents": 36,
          "survivors_out": 0,
          "projected_survivors": 0,
          "elapsed": 0.0050008296966552734,
          "projected_time": 0.18119327160179619,
          "total_children": 32768,
          "throughput": 6552512.680429082,
          "expansion_factor": 0.0,
          "timed_out": false
        }
      ],
      "proven_at": "L4",
      "projected_total": 1129.2121853964131
    },
    {
      "n_half": 3,
      "m": 20,
      "d0": 6,
      "correction": 0.10250000000000001,
      "l0_compositions": 53130,
      "sample_size": 10000,
      "l0_time": 0.003870248794555664,
      "l0_survivors": 4125,
      "l0_pruned_asym": 3711,
      "l0_pruned_test": 18762,
      "levels": [
        {
          "level": 1,
          "d_parent": 6,
          "d_child": 12,
          "parents_processed": 4125,
          "parents_requested": 4125,
          "parents_available": 4125,
          "projected_parents": 4125,
          "survivors_out": 408237,
          "projected_survivors": 408237,
          "elapsed": 1.3611741065979004,
          "projected_time": 1.3611741065979004,
          "total_children": 10683186,
          "throughput": 7848508.099159634,
          "expansion_factor": 98.96654545454545,
          "timed_out": false
        },
        {
          "level": 2,
          "d_parent": 12,
          "d_child": 24,
          "parents_processed": 10000,
          "parents_requested": 10000,
          "parents_available": 408237,
          "projected_parents": 408237,
          "survivors_out": 170747,
          "projected_survivors": 6970524,
          "elapsed": 23.29079580307007,
          "projected_time": 950.8164606257916,
          "total_children": 244013188,
          "throughput": 10476807.665276747,
          "expansion_factor": 17.0747,
          "timed_out": false
        },
        {
          "level": 3,
          "d_parent": 24,
          "d_child": 48,
          "parents_processed": 10000,
          "parents_requested": 10000,
          "parents_available": 170747,
          "projected_parents": 6970524,
          "survivors_out": 17,
          "projected_survivors": 11849,
          "elapsed": 194.6562511920929,
          "projected_time": 135685.61298405466,
          "total_children": 1716842488,
          "throughput": 8819868.242020987,
          "expansion_factor": 0.0017,
          "timed_out": false
        },
        {
          "level": 4,
          "d_parent": 48,
          "d_child": 96,
          "parents_processed": 17,
          "parents_requested": 17,
          "parents_available": 17,
          "projected_parents": 11849,
          "survivors_out": 0,
          "projected_survivors": 0,
          "elapsed": 1.142336130142212,
          "projected_time": 796.268175837936,
          "total_children": 11341824,
          "throughput": 9928622.321162188,
          "expansion_factor": 0.0,
          "timed_out": false
        }
      ],
      "proven_at": "L4",
      "projected_total": 137434.06266487378
    }
  ]
}