n_half,m,d0,correction,l0_compositions,l0_survivors,l0_time,l0_pruned_asym,l0_pruned_test,sample_size,L1_parents_processed,L1_parents_available,L1_projected_parents,L1_survivors_out,L1_projected_survivors,L1_expansion_factor,L1_elapsed,L1_projected_time,L1_total_children,L1_throughput,L2_parents_processed,L2_parents_available,L2_projected_parents,L2_survivors_out,L2_projected_survivors,L2_expansion_factor,L2_elapsed,L2_projected_time,L2_total_children,L2_throughput,L3_parents_processed,L3_parents_available,L3_projected_parents,L3_survivors_out,L3_projected_survivors,L3_expansion_factor,L3_elapsed,L3_projected_time,L3_total_children,L3_throughput,L4_parents_processed,L4_parents_available,L4_projected_parents,L4_survivors_out,L4_projected_survivors,L4_expansion_factor,L4_elapsed,L4_projected_time,L4_total_children,L4_throughput,proven_at,projected_total,error
2,30,4,0.06777777777777777,5456,1017,0.007767677307128906,425,1294,5000,1017,1017,1017,507045,507045,498.5693215339233,0.6862084865570068,0.6862084865570068,2607521,3799896.170161078,5000,507045,507045,5030431,510130977,1006.0862,55.66669225692749,5645.10359508276,335667660,6029955.192069591,435,5030431,510130977,122663,143848726588,281.983908045977,120.12682008743286,140874510.64050743,733068688,6102456.449495997,22,122663,143848726588,0,0,0.0,122.3010938167572,799675300268.8446,582322176,4761381.585617614,L4,799816180425.2827,
3,30,6,0.06777777777777777,324632,31740,0.04242515563964844,14231,116413,5000,5000,31740,31740,4698881,29828496,939.7762,16.867164850234985,107.07276246929169,85485883,5068183.287412943,2268,4698881,29828496,2306286,30332030018,1016.8809523809524,120.13204073905945,1579963.9185601904,1040844100,8664167.307877775,111,2306286,30332030018,6,1639569190,0.05405405405405406,120.10202479362488,32819263255.158127,1119465696,9320956.06151198,6,6,1639569190,0,0,0.0,121.56284546852112,33218449350.316635,702554112,5779349.021423881,L4,66039292676.508514,
4,30,8,0.06777777777777777,10295472,502669,1.2909822463989258,279336,4366139,5000,5000,502669,502669,5298487,532677032,1059.6974,46.90673017501831,4715.7118300692555,335429758,7150994.254949025,578,5298487,532677032,495031,456213916966,856.4550173010381,120.03701305389404,110624498.07435793,913852163,7613086.495160455,22,495031,456213916966,0,0,0.0,124.03868579864502,2572189759252.1577,684532224,5518699.4250424225,,,,,,,,,,,L3,2572300388467.235,
