n_half,m,d0,correction,l0_compositions,l0_survivors,l0_time,l0_pruned_asym,l0_pruned_test,sample_size,L1_parents_processed,L1_parents_available,L1_projected_parents,L1_survivors_out,L1_projected_survivors,L1_expansion_factor,L1_elapsed,L1_projected_time,L1_total_children,L1_throughput,L2_parents_processed,L2_parents_available,L2_projected_parents,L2_survivors_out,L2_projected_survivors,L2_expansion_factor,L2_elapsed,L2_projected_time,L2_total_children,L2_throughput,L3_parents_processed,L3_parents_available,L3_projected_parents,L3_survivors_out,L3_projected_survivors,L3_expansion_factor,L3_elapsed,L3_projected_time,L3_total_children,L3_throughput,L4_parents_processed,L4_parents_available,L4_projected_parents,L4_survivors_out,L4_projected_survivors,L4_expansion_factor,L4_elapsed,L4_projected_time,L4_total_children,L4_throughput,proven_at,projected_total,error
3,20,6,0.10250000000000001,53130,5692,0.009535551071166992,3711,17195,10000,5692,5692,5692,1141990,1141990,200.63070976809558,2.0580828189849854,2.0580828189849854,14944268,7261256.865926456,10000,1141990,1141990,758913,86667105,75.8913,26.313352584838867,3004.9585518360136,236146728,8974406.710000997,10000,758913,86667105,6578,57009622,0.6578,235.54056406021118,2041361.8958981917,1588927744,6745877.298628795,725,6578,57009622,0,0,0.0,300.374365568161,23619626.3115152,532623360,1773198.45184704,L4,25663995.2335836,
3,25,6,0.0816,142506,14618,0.02129983901977539,9681,46954,10000,10000,14618,14618,4714140,6891129,471.414,20.95982575416565,30.639073287439345,69903223,3335105.1587872636,10000,4714140,6891129,3093724,2131925381,309.3724,168.12376403808594,115856.2689193458,1171820690,6969988.429086928,2051,3093724,2131925381,16326,16970167611,7.960019502681619,300.0044193267822,311841558.25567997,2728206824,9093888.783779144,284,16326,16970167611,0,0,0.0,301.2315397262573,17999822954.015743,2719193600,9026921.95668174,L4,18311780399.200714,
3,30,6,0.06777777777777777,324632,31740,0.02103114128112793,14231,116413,10000,10000,31740,31740,9673060,30702292,967.306,29.155680894851685,92.54013116025925,171265804,5874182.963438941,10000,9673060,30702292,8374193,25710692243,837.4193,280.40332555770874,860902.49024213,4539951422,16190790.223226685,361,8374193,25710692243,203,14457813089,0.5623268698060941,303.0168516635895,21581088691.73648,3478788160,11480510.542239295,44,203,14457813089,0,0,0.0,308.0632326602936,101225469037.56702,3294203904,10693271.883024655,L4,122807418724.3549,
