n_half,m,d0,correction,l0_compositions,l0_survivors,l0_time,l0_pruned_asym,l0_pruned_test,sample_size,L1_parents_processed,L1_parents_available,L1_projected_parents,L1_survivors_out,L1_projected_survivors,L1_expansion_factor,L1_elapsed,L1_projected_time,L1_total_children,L1_throughput,L2_parents_processed,L2_parents_available,L2_projected_parents,L2_survivors_out,L2_projected_survivors,L2_expansion_factor,L2_elapsed,L2_projected_time,L2_total_children,L2_throughput,L3_parents_processed,L3_parents_available,L3_projected_parents,L3_survivors_out,L3_projected_survivors,L3_expansion_factor,L3_elapsed,L3_projected_time,L3_total_children,L3_throughput,L4_parents_processed,L4_parents_available,L4_projected_parents,L4_survivors_out,L4_projected_survivors,L4_expansion_factor,L4_elapsed,L4_projected_time,L4_total_children,L4_throughput,proven_at,projected_total,error
2,20,4,0.10250000000000001,1771,345,0.02576589584350586,190,356,5000,345,345,345,49277,49277,142.83188405797102,0.18070244789123535,0.18070244789123535,223250,1235456.423558656,5000,49277,49277,749090,7382581,149.818,8.98580265045166,88.55867944126129,34043615,3788600.342595866,5000,749090,7382581,90244,133246738,18.0488,65.2883026599884,96399.24419976506,285167737,4367822.801047691,1093,90244,133246738,0,0,0.0,120.01887059211731,14631402.624319643,308347920,2569161.986600563,L4,14727890.633667193,
3,20,6,0.10250000000000001,53130,5558,0.11017704010009766,3711,17329,5000,5000,5558,5558,991944,1102644,198.3888,4.461095809936523,4.958954102325439,13120642,2941125.3555181306,5000,991944,1102644,339235,74811151,67.847,26.433612823486328,5829.377940129178,118886063,4497533.643769248,2292,339235,74811151,320,10444837,0.13961605584642234,120.01118421554565,3917179.292331274,367155384,3059343.063731226,320,320,10444837,0,0,0.0,63.6188542842865,2076526.9523268887,202219520,3178609.8991403417,L4,5999540.691729434,
