{
  "n_half": 2,
  "m": 20,
  "c_target": 1.3,
  "level_completed": 3,
  "d_survivors": 32,
  "n_survived": 256,
  "info": {
    "n_half": 2,
    "m": 20,
    "d0": 4,
    "c_target": 1.3,
    "correction": 0.41000000000000003,
    "l0_time": 0.008023977279663086,
    "l0_survivors": 376,
    "l0_pruned_asym": 190,
    "l0_pruned_test": 325,
    "levels": [
      {
        "level": 1,
        "d_parent": 4,
        "d_child": 8,
        "parents_in": 376,
        "total_children": 238792,
        "children_per_parent": 635.0851063829788,
        "survivors_out": 13540,
        "expansion_factor": 36.01063829787234,
        "elapsed": 22.93014645576477
      },
      {
        "level": 2,
        "d_parent": 8,
        "d_child": 16,
        "parents_in": 13540,
        "total_children": 96448738,
        "children_per_parent": 7123.245051698671,
        "survivors_out": 116646,
        "expansion_factor": 8.614918759231905,
        "elapsed": 4.89286732673645
      },
      {
        "level": 3,
        "d_parent": 16,
        "d_child": 32,
        "parents_in": 116646,
        "total_children": 6859053079,
        "children_per_parent": 58802.29994170396,
        "survivors_out": 256,
        "expansion_factor": 0.00219467448519452,
        "elapsed": 208.64260959625244
      }
    ]
  }
}