{
  "n_half": 1.0,
  "m": 20,
  "c_target": 1.4,
  "level_completed": 1,
  "d_survivors": 4,
  "n_survived": 66132,
  "info": {
    "n_half": 1.0,
    "m": 20,
    "d0": 2,
    "c_target": 1.4,
    "correction": 0.10250000000000001,
    "l0_time": 6.356144905090332,
    "l0_survivors": 27,
    "l0_pruned_asym": 0,
    "l0_pruned_test": 6,
    "levels": [
      {
        "level": 1,
        "d_parent": 2,
        "d_child": 4,
        "parents_in": 27,
        "total_children": 97251,
        "children_per_parent": 3601.8888888888887,
        "survivors_out": 66132,
        "expansion_factor": 2449.3333333333335,
        "elapsed": 0.1563098430633545
      }
    ]
  }
}