{
  "n_half": 2.0,
  "m": 20,
  "d0": 4,
  "c_target": 1.1,
  "correction": 0.10250000000000001,
  "l0_time": 0.6342079639434814,
  "l0_survivors": 0,
  "l0_pruned_asym": 230126,
  "l0_pruned_test": 456775,
  "levels": [],
  "grid": "coarse",
  "S": 200,
  "l0": {
    "min_cert_net": -0.0013000000000001723,
    "box_certified": false
  },
  "proven_at": "L0",
  "total_time": 0.6352083683013916
}