{
  "n_half": 1.0,
  "m": 20,
  "d0": 2,
  "c_target": 1.1,
  "correction": 0.10250000000000001,
  "l0_time": 0.016974925994873047,
  "l0_survivors": 17,
  "l0_pruned_asym": 52,
  "l0_pruned_test": 32,
  "levels": [
    {
      "level": 1,
      "d_child": 4,
      "parents_in": 5,
      "total_children": 50975,
      "survivors_out": 0,
      "elapsed": 0.02793431282043457,
      "min_cert_net": -0.005950000000000174,
      "box_certified": false
    }
  ],
  "grid": "coarse",
  "S": 200,
  "l0": {
    "min_cert_net": 0.0009249999999998144,
    "box_certified": true
  },
  "proven_at": "L1",
  "box_certified": false,
  "total_time": 0.04721379280090332
}