{
  "n_half": 1.0,
  "m": 20,
  "d0": 2,
  "c_target": 1.1,
  "correction": 0.10250000000000001,
  "l0_time": 0.014002561569213867,
  "l0_survivors": 13,
  "l0_pruned_asym": 39,
  "l0_pruned_test": 24,
  "levels": [
    {
      "level": 1,
      "d_child": 4,
      "parents_in": 4,
      "total_children": 23090,
      "survivors_out": 0,
      "elapsed": 2.537829875946045,
      "min_cert_net": -0.01066666666666671,
      "box_certified": false
    }
  ],
  "grid": "coarse",
  "S": 150,
  "l0": {
    "min_cert_net": 0.0018518518518517353,
    "box_certified": true
  },
  "proven_at": "L1",
  "box_certified": false,
  "total_time": 2.5546517372131348
}