{
  "n_half": 1.0,
  "m": 20,
  "d0": 2,
  "c_target": 1.2,
  "correction": 0.10250000000000001,
  "l0_time": 5.1243298053741455,
  "l0_survivors": 10,
  "l0_pruned_asym": 12,
  "l0_pruned_test": 4,
  "levels": [
    {
      "level": 1,
      "d_child": 4,
      "parents_in": 3,
      "total_children": 2023,
      "survivors_out": 122,
      "elapsed": 11.44270133972168,
      "min_cert_net": -0.036800000000000034,
      "box_certified": false
    },
    {
      "level": 2,
      "d_child": 8,
      "parents_in": 108,
      "total_children": 2994425,
      "survivors_out": 0,
      "elapsed": 13.206260204315186,
      "min_cert_net": -0.1439999999999999,
      "box_certified": false
    }
  ],
  "grid": "coarse",
  "S": 50,
  "l0": {
    "min_cert_net": 0.005200000000000086,
    "box_certified": true
  },
  "proven_at": "L2",
  "box_certified": false,
  "total_time": 13.233664751052856
}