{
  "n_half": 2,
  "m": 20,
  "d0": 4,
  "c_target": 1.4,
  "correction": 0.41000000000000003,
  "l0_time": 0.15354013442993164,
  "l0_survivors": 467,
  "l0_pruned_asym": 190,
  "l0_pruned_test": 234,
  "levels": [
    {
      "level": 1,
      "d_parent": 4,
      "d_child": 8,
      "parents_in": 467,
      "total_children": 271448,
      "children_per_parent": 581.2591006423983,
      "survivors_out": 167313,
      "expansion_factor": 358.27194860813705,
      "elapsed": 10.59182596206665
    },
    {
      "level": 2,
      "d_parent": 8,
      "d_child": 16,
      "parents_in": 4690,
      "total_children": 934392,
      "children_per_parent": 199.23070362473348,
      "survivors_out": 868456,
      "expansion_factor": 185.17185501066098,
      "elapsed": 17.328087091445923
    }
  ],
  "total_time": 18.57076644897461
}