{
  "n_half": 3,
  "m": 50,
  "d0": 6,
  "c_target": 1.28,
  "correction": 0.0404,
  "l0_time": 0.9997379779815674,
  "l0_survivors": 0,
  "l0_pruned_asym": 0,
  "l0_pruned_test": 45451,
  "levels": [],
  "proven_at": "L0",
  "total_time": 1.0087382793426514
}