{
  "n_half": 1.0,
  "m": 20,
  "d0": 2,
  "c_target": 1.2,
  "correction": 0.10250000000000001,
  "l0_time": 3.159039258956909,
  "l0_survivors": 15,
  "l0_pruned_asym": 19,
  "l0_pruned_test": 7,
  "levels": [
    {
      "level": 1,
      "d_child": 4,
      "parents_in": 4,
      "total_children": 6710,
      "survivors_out": 426,
      "elapsed": 0.05654430389404297,
      "min_cert_net": -0.021875000000000054,
      "box_certified": false
    },
    {
      "level": 2,
      "d_child": 8,
      "parents_in": 353,
      "total_children": 57348683,
      "survivors_out": 0,
      "elapsed": 1.5752599239349365,
      "min_cert_net": -0.091875,
      "box_certified": false
    }
  ],
  "grid": "coarse",
  "S": 80,
  "l0": {
    "min_cert_net": -0.002135416666666622,
    "box_certified": false
  },
  "proven_at": "L2",
  "box_certified": false,
  "total_time": 5.113934278488159
}