{
  "n_half": 1.0,
  "m": 20,
  "d0": 2,
  "c_target": 1.1,
  "correction": 0.10250000000000001,
  "l0_time": 0.012921333312988281,
  "l0_survivors": 9,
  "l0_pruned_asym": 26,
  "l0_pruned_test": 16,
  "levels": [
    {
      "level": 1,
      "d_child": 4,
      "parents_in": 3,
      "total_children": 7798,
      "survivors_out": 0,
      "elapsed": 0.028615474700927734,
      "min_cert_net": -0.01740000000000004,
      "box_certified": false
    }
  ],
  "grid": "coarse",
  "S": 100,
  "l0": {
    "min_cert_net": 0.0036999999999998753,
    "box_certified": true
  },
  "proven_at": "L1",
  "box_certified": false,
  "total_time": 0.04395270347595215
}