{
  "n_half": 2.0,
  "m": 20,
  "d0": 4,
  "c_target": 1.29,
  "correction": 0.10250000000000001,
  "l0_time": 0.015572309494018555,
  "l0_survivors": 362,
  "l0_pruned_asym": 581,
  "l0_pruned_test": 1793,
  "levels": [
    {
      "level": 1,
      "d_child": 8,
      "parents_in": 362,
      "total_children": 1152950,
      "survivors_out": 4031,
      "elapsed": 2.455379009246826,
      "min_cert_net": -0.24111111111111125,
      "box_certified": false
    },
    {
      "level": 2,
      "d_child": 16,
      "parents_in": 4031,
      "total_children": 299913975,
      "survivors_out": 0,
      "elapsed": 204.82545566558838,
      "min_cert_net": -0.3922222222222222,
      "box_certified": false
    }
  ],
  "grid": "coarse",
  "S": 30,
  "l0": {
    "min_cert_net": -0.07370370370370377,
    "box_certified": false
  },
  "proven_at": "L2",
  "box_certified": false,
  "total_time": 207.30085849761963
}