{
  "n_half": 2.0,
  "m": 20,
  "d0": 4,
  "c_target": 1.29,
  "correction": 0.10250000000000001,
  "l0_time": 1.814749002456665,
  "l0_survivors": 108,
  "l0_pruned_asym": 190,
  "l0_pruned_test": 593,
  "levels": [
    {
      "level": 1,
      "d_child": 8,
      "parents_in": 108,
      "total_children": 89190,
      "survivors_out": 268,
      "elapsed": 12.742976665496826,
      "min_cert_net": -0.34500000000000003,
      "box_certified": false
    },
    {
      "level": 2,
      "d_child": 16,
      "parents_in": 268,
      "total_children": 2018092,
      "survivors_out": 0,
      "elapsed": 6.896900177001953,
      "min_cert_net": -0.5433333333333333,
      "box_certified": false
    }
  ],
  "grid": "coarse",
  "S": 20,
  "l0": {
    "min_cert_net": -0.09999999999999996,
    "box_certified": false
  },
  "proven_at": "L2",
  "box_certified": false,
  "total_time": 21.570818185806274
}