{
  "n_half": 1.0,
  "m": 20,
  "d0": 2,
  "c_target": 1.1,
  "correction": 0.10250000000000001,
  "l0_time": 0.012563705444335938,
  "l0_survivors": 7,
  "l0_pruned_asym": 21,
  "l0_pruned_test": 13,
  "levels": [
    {
      "level": 1,
      "d_child": 4,
      "parents_in": 2,
      "total_children": 3361,
      "survivors_out": 0,
      "elapsed": 0.026653766632080078,
      "min_cert_net": -0.016562500000000088,
      "box_certified": false
    }
  ],
  "grid": "coarse",
  "S": 80,
  "l0": {
    "min_cert_net": -0.00046875000000009984,
    "box_certified": false
  },
  "proven_at": "L1",
  "box_certified": false,
  "total_time": 0.04174184799194336
}