{
  "n_half": 2.0,
  "m": 20,
  "d0": 4,
  "c_target": 1.3,
  "correction": 0.10250000000000001,
  "l0_time": 0.022423982620239258,
  "l0_survivors": 390,
  "l0_pruned_asym": 581,
  "l0_pruned_test": 1765,
  "levels": [
    {
      "level": 1,
      "d_child": 8,
      "parents_in": 390,
      "total_children": 1223557,
      "survivors_out": 6987,
      "elapsed": 2.9607439041137695,
      "min_cert_net": -0.2422222222222223,
      "box_certified": false
    },
    {
      "level": 2,
      "d_child": 16,
      "parents_in": 6987,
      "total_children": 522276921,
      "survivors_out": 0,
      "elapsed": 334.773291349411,
      "min_cert_net": -0.49999999999999994,
      "box_certified": false
    }
  ],
  "grid": "coarse",
  "S": 30,
  "l0": {
    "min_cert_net": -0.08370370370370378,
    "box_certified": false
  },
  "proven_at": "L2",
  "box_certified": false,
  "total_time": 337.7611982822418
}