{
  "n_half": 1.0,
  "m": 20,
  "d0": 2,
  "c_target": 1.1,
  "correction": 0.10250000000000001,
  "l0_time": 0.014789342880249023,
  "l0_survivors": 5,
  "l0_pruned_asym": 15,
  "l0_pruned_test": 9,
  "levels": [
    {
      "level": 1,
      "d_child": 4,
      "parents_in": 1,
      "total_children": 870,
      "survivors_out": 0,
      "elapsed": 0.028468608856201172,
      "min_cert_net": -0.01966759002770091,
      "box_certified": false
    }
  ],
  "grid": "coarse",
  "S": 57,
  "l0": {
    "min_cert_net": 0.006699497281214571,
    "box_certified": true
  },
  "proven_at": "L1",
  "box_certified": false,
  "total_time": 0.04574155807495117
}