{
  "n_half": 3.0,
  "m": 20,
  "d0": 6,
  "c_target": 1.1,
  "correction": 0.10250000000000001,
  "l0_time": 4.11238431930542,
  "l0_survivors": 0,
  "l0_pruned_asym": 412503,
  "l0_pruned_test": 1327053,
  "levels": [],
  "grid": "coarse",
  "S": 50,
  "l0": {
    "min_cert_net": 0.048399999999999964,
    "box_certified": true
  },
  "proven_at": "L0",
  "total_time": 4.114884853363037,
  "box_certified": true
}