{
  "n_half": 1.0,
  "m": 20,
  "d0": 2,
  "c_target": 1.1,
  "correction": 0.10250000000000001,
  "l0_time": 0.01978445053100586,
  "l0_survivors": 41,
  "l0_pruned_asym": 130,
  "l0_pruned_test": 80,
  "levels": [
    {
      "level": 1,
      "d_child": 4,
      "parents_in": 13,
      "total_children": 818363,
      "survivors_out": 0,
      "elapsed": 0.0509333610534668,
      "min_cert_net": -0.00389600000000019,
      "box_certified": false
    }
  ],
  "grid": "coarse",
  "S": 500,
  "l0": {
    "min_cert_net": -0.0007480000000000762,
    "box_certified": false
  },
  "proven_at": "L1",
  "box_certified": false,
  "total_time": 0.07355833053588867
}