{
  "d16_sizes": {
    "d": 16,
    "order": 3,
    "n_y": 74613,
    "n_basis": 969,
    "n_loc": 153
  },
  "calibration": [
    {
      "d": 4,
      "order": 3,
      "mode": "z2_bd",
      "n_y": 210,
      "n_basis": 35,
      "n_loc": 15,
      "n_solves": 4,
      "build_s": 0.10189104080200195,
      "avg_solve_s": 0.3035281300544739,
      "per_solve_s": [
        0.3268551826477051,
        0.23265385627746582,
        0.2620670795440674,
        0.3925364017486572
      ],
      "wall_s": 1.3479986190795898,
      "lb": 1.0707887500000002,
      "val_d": 1.10233
    },
    {
      "d": 6,
      "order": 3,
      "mode": "z2_bd",
      "n_y": 924,
      "n_basis": 84,
      "n_loc": 28,
      "n_solves": 4,
      "build_s": 1.116926670074463,
      "avg_solve_s": 4.862840473651886,
      "per_solve_s": [
        5.630680322647095,
        3.8544421195983887,
        4.152496099472046,
        5.813743352890015
      ],
      "wall_s": 20.618213891983032,
      "lb": 1.1309625,
      "val_d": 1.1711
    },
    {
      "d": 8,
      "order": 3,
      "mode": "z2_bd",
      "n_y": 3003,
      "n_basis": 165,
      "n_loc": 45,
      "n_solves": 3,
      "build_s": 8.26526427268982,
      "avg_solve_s": 48.000922203063965,
      "per_solve_s": [
        57.25036144256592,
        37.259002923965454,
        49.49340224266052
      ],
      "wall_s": 152.46142959594727,
      "lb": 1.06598,
      "val_d": 1.20464
    }
  ],
  "fits_this_machine": {
    "build_basis": {
      "a": 4.238651346773249e-06,
      "p": 2.8301462956181815,
      "r2": 0.9994759951311991
    },
    "build_ny": {
      "a": 1.4705852149924535e-05,
      "p": 1.6509081032969464,
      "r2": 0.9998014765578127
    },
    "solve_basis": {
      "a": 2.7328495614774644e-06,
      "p": 3.2608233482702755,
      "r2": 0.9996278911781655
    },
    "solve_ny": {
      "a": 1.1462222797587401e-05,
      "p": 1.9020744494966804,
      "r2": 0.9998899960814213
    }
  },
  "fits_historical": {
    "build_basis": {
      "a": 1.7410328384886925e-06,
      "p": 2.955627462486326,
      "r2": 0.979462024046778
    },
    "build_ny": {
      "a": 9.145116988025366e-06,
      "p": 1.6759332979751835,
      "r2": 0.97771524540181
    },
    "solve_basis": {
      "a": 2.8348111125464587e-08,
      "p": 4.262019710128336,
      "r2": 0.9999926461757855
    },
    "solve_ny": {
      "a": 3.049037429198127e-07,
      "p": 2.4187728295895354,
      "r2": 0.9999234961157386
    }
  },
  "projections": {
    "build_s": {
      "this_basis": 1199.3912328849542,
      "this_ny": 1629.5179278981218,
      "hist_basis": 1643.8670148752985,
      "hist_ny": 1823.405548308439
    },
    "per_solve_s": {
      "this_basis": 14944.797091467732,
      "this_ny": 21267.90969698144,
      "hist_basis": 184859.5940777118,
      "hist_ny": 216672.01129096397
    }
  },
  "expected_n_solves": [
    8,
    12
  ],
  "aggregate": {
    "build_s": {
      "lo": 1199.3912328849542,
      "med": 1643.8670148752985,
      "hi": 1823.405548308439
    },
    "per_solve_s": {
      "lo": 14944.797091467732,
      "med": 184859.5940777118,
      "hi": 216672.01129096397
    },
    "total_wall_s": {
      "lo": 120757.76796462681,
      "med": 1850239.8077919935,
      "hi": 2601887.541039876
    }
  },
  "bench_wall_s": 174.4278621673584,
  "host": "a172e91a94e0",
  "cpu_count": 128,
  "timestamp": "2026-04-18T22:04:27",
  "args": {
    "mode": "z2_bd",
    "primary_tol": 1e-06,
    "order_method": "forceGraphpar",
    "calib_bisect_small": 3,
    "calib_bisect_d8": 2,
    "calib_bisect_d10": 1,
    "include_d8": true,
    "include_d10": false,
    "expected_solves_lo": 8,
    "expected_solves_hi": 12,
    "out": "data/d16_l3_estimate_reverted.json",
    "quiet_mosek": false
  },
  "historical": [
    {
      "d": 6,
      "mode": "z2_full",
      "n_y": 924,
      "n_basis": 84,
      "build_s": 0.74,
      "avg_solve_s": 4.49,
      "threads": 8,
      "source": "data/mosek_d6_l3_z2full.json"
    },
    {
      "d": 8,
      "mode": "z2_bd",
      "n_y": 3003,
      "n_basis": 165,
      "build_s": 8.44,
      "avg_solve_s": 80.73,
      "threads": 8,
      "source": "data/mosek_d8_l3_z2bd.json"
    },
    {
      "d": 10,
      "mode": "z2_full",
      "n_y": 8008,
      "n_basis": 286,
      "build_s": 26.82,
      "avg_solve_s": 831.09,
      "threads": 112,
      "source": "data/mosek_validation_results/mosek_d10_l3_z2full.json"
    }
  ]
}