{
  "d16_sizes": {
    "d": 16,
    "order": 3,
    "n_y": 74613,
    "n_basis": 969,
    "n_loc": 153
  },
  "calibration": [
    {
      "d": 4,
      "order": 3,
      "mode": "z2_bd",
      "n_y": 210,
      "n_basis": 35,
      "n_loc": 15,
      "n_solves": 4,
      "build_s": 0.05240154266357422,
      "avg_solve_s": 0.3000415563583374,
      "per_solve_s": [
        0.4020829200744629,
        0.23798680305480957,
        0.26537132263183594,
        0.2947251796722412
      ],
      "wall_s": 1.2644519805908203,
      "lb": 1.0707887500000002,
      "val_d": 1.10233
    },
    {
      "d": 6,
      "order": 3,
      "mode": "z2_bd",
      "n_y": 924,
      "n_basis": 84,
      "n_loc": 28,
      "n_solves": 4,
      "build_s": 0.3745572566986084,
      "avg_solve_s": 3.8618999123573303,
      "per_solve_s": [
        4.7997260093688965,
        3.3495545387268066,
        3.53025484085083,
        3.768064260482788
      ],
      "wall_s": 15.866167545318604,
      "lb": 1.1309625,
      "val_d": 1.1711
    },
    {
      "d": 8,
      "order": 3,
      "mode": "z2_bd",
      "n_y": 3003,
      "n_basis": 165,
      "n_loc": 45,
      "n_solves": 3,
      "build_s": 2.3083436489105225,
      "avg_solve_s": 58.72761138280233,
      "per_solve_s": [
        85.88924503326416,
        41.58604049682617,
        48.70754861831665
      ],
      "wall_s": 178.6384859085083,
      "lb": 1.06598,
      "val_d": 1.20464
    },
    {
      "d": 10,
      "order": 3,
      "mode": "z2_bd",
      "n_y": 8008,
      "n_basis": 286,
      "n_loc": 66,
      "n_solves": 2,
      "build_s": 10.977725267410278,
      "avg_solve_s": 666.312129855156,
      "per_solve_s": [
        947.7531249523163,
        384.8711347579956
      ],
      "wall_s": 1343.8090074062347,
      "lb": 0.8956850000000001,
      "val_d": 1.24137
    }
  ],
  "fits_this_machine": {
    "build_basis": {
      "a": 5.562275249088161e-06,
      "p": 2.544235225719006,
      "r2": 0.9969153129980515
    },
    "build_ny": {
      "a": 1.8632686585871535e-05,
      "p": 1.4693832427048108,
      "r2": 0.9980771109900834
    },
    "solve_basis": {
      "a": 5.019706926613361e-07,
      "p": 3.666551902975584,
      "r2": 0.9905679923764051
    },
    "solve_ny": {
      "a": 2.8443913379804792e-06,
      "p": 2.118605039464638,
      "r2": 0.9927017890167399
    }
  },
  "fits_historical": {
    "build_basis": {
      "a": 1.7410328384886925e-06,
      "p": 2.955627462486326,
      "r2": 0.979462024046778
    },
    "build_ny": {
      "a": 9.145116988025366e-06,
      "p": 1.6759332979751835,
      "r2": 0.97771524540181
    },
    "solve_basis": {
      "a": 2.8348111125464587e-08,
      "p": 4.262019710128336,
      "r2": 0.9999926461757855
    },
    "solve_ny": {
      "a": 3.049037429198127e-07,
      "p": 2.4187728295895354,
      "r2": 0.9999234961157386
    }
  },
  "projections": {
    "build_s": {
      "this_basis": 220.37515211895825,
      "this_ny": 269.3440916549549,
      "hist_basis": 542.3802323240748,
      "hist_ny": 606.168564500864
    },
    "per_solve_s": {
      "this_basis": 44687.85296756769,
      "this_ny": 59918.19309264052,
      "hist_basis": 164567.87691055634,
      "hist_ny": 194767.47646115144
    }
  },
  "expected_n_solves": [
    8,
    12
  ],
  "aggregate": {
    "build_s": {
      "lo": 220.37515211895825,
      "med": 542.3802323240748,
      "hi": 606.168564500864
    },
    "per_solve_s": {
      "lo": 44687.85296756769,
      "med": 164567.87691055634,
      "hi": 194767.47646115144
    },
    "total_wall_s": {
      "lo": 357723.1988926605,
      "med": 1646221.1493378875,
      "hi": 2337815.8860983183
    }
  },
  "bench_wall_s": 1539.578557252884,
  "host": "df974e3bdcb9",
  "cpu_count": 192,
  "timestamp": "2026-04-18T21:48:06",
  "args": {
    "mode": "z2_bd",
    "primary_tol": 1e-06,
    "order_method": "forceGraphpar",
    "calib_bisect_small": 3,
    "calib_bisect_d8": 2,
    "calib_bisect_d10": 1,
    "include_d8": true,
    "include_d10": true,
    "expected_solves_lo": 8,
    "expected_solves_hi": 12,
    "out": "data/d16_l3_estimate.json",
    "quiet_mosek": false
  },
  "historical": [
    {
      "d": 6,
      "mode": "z2_full",
      "n_y": 924,
      "n_basis": 84,
      "build_s": 0.74,
      "avg_solve_s": 4.49,
      "threads": 8,
      "source": "data/mosek_d6_l3_z2full.json"
    },
    {
      "d": 8,
      "mode": "z2_bd",
      "n_y": 3003,
      "n_basis": 165,
      "build_s": 8.44,
      "avg_solve_s": 80.73,
      "threads": 8,
      "source": "data/mosek_d8_l3_z2bd.json"
    },
    {
      "d": 10,
      "mode": "z2_full",
      "n_y": 8008,
      "n_basis": 286,
      "build_s": 26.82,
      "avg_solve_s": 831.09,
      "threads": 112,
      "source": "data/mosek_validation_results/mosek_d10_l3_z2full.json"
    }
  ]
}