{
  "results": [
    {
      "d": 4,
      "order": 3,
      "mode": "baseline",
      "lb": 1.1021630200195311,
      "val_d": 1.10233,
      "gc_pct": 99.83682206540712,
      "ok": true,
      "error": null,
      "build_time_s": 0.07799863815307617,
      "total_solve_time_s": 5.3722851276397705,
      "n_solves": 13,
      "avg_solve_time_s": 0.4132527021261362,
      "total_time_s": 5.450283765792847,
      "wall_s": 5.460285663604736,
      "failed": false
    },
    {
      "d": 4,
      "order": 3,
      "mode": "tuned",
      "lb": 1.1021630200195311,
      "val_d": 1.10233,
      "gc_pct": 99.83682206540712,
      "ok": true,
      "error": null,
      "build_time_s": 0.07699894905090332,
      "total_solve_time_s": 4.8293256759643555,
      "n_solves": 13,
      "avg_solve_time_s": 0.37148659045879656,
      "total_time_s": 4.906324625015259,
      "wall_s": 4.925327301025391,
      "failed": false
    },
    {
      "d": 4,
      "order": 3,
      "mode": "z2_eq",
      "lb": 1.1021630200195311,
      "val_d": 1.10233,
      "gc_pct": 99.83682206540712,
      "ok": true,
      "error": null,
      "build_time_s": 0.07699942588806152,
      "total_solve_time_s": 3.937366247177124,
      "n_solves": 13,
      "avg_solve_time_s": 0.3028743267059326,
      "total_time_s": 4.0143656730651855,
      "wall_s": 4.0263659954071045,
      "failed": false
    },
    {
      "d": 4,
      "order": 3,
      "mode": "z2_bd",
      "lb": 1.1021630200195311,
      "val_d": 1.10233,
      "gc_pct": 99.83682206540712,
      "ok": true,
      "error": null,
      "build_time_s": 0.09000015258789062,
      "total_solve_time_s": 4.0284459590911865,
      "n_solves": 13,
      "avg_solve_time_s": 0.30988045839162975,
      "total_time_s": 4.118446111679077,
      "wall_s": 4.128444671630859,
      "failed": false
    }
  ],
  "full_results": [
    {
      "d": 4,
      "order": 3,
      "mode": "baseline",
      "lb": 1.1021630200195311,
      "val_d": 1.10233,
      "gc_pct": 99.83682206540712,
      "ok": true,
      "error": null,
      "build_time_s": 0.07799863815307617,
      "total_solve_time_s": 5.3722851276397705,
      "n_solves": 13,
      "avg_solve_time_s": 0.4132527021261362,
      "total_time_s": 5.450283765792847,
      "per_solve_times_s": [
        0.3825075626373291,
        0.2124626636505127,
        0.24453520774841309,
        0.46042871475219727,
        0.3473331928253174,
        0.40136218070983887,
        0.5975403785705566,
        0.3732314109802246,
        0.3904247283935547,
        0.45146918296813965,
        0.5014503002166748,
        0.4753575325012207,
        0.534182071685791
      ],
      "build_stats": {
        "build_time_s": 0.07799863815307617,
        "n_y": 210,
        "n_basis": 35,
        "n_loc": 15,
        "n_consist": 126,
        "n_z2_eq": 0,
        "n_win_psd": 28,
        "z2_mode": "off",
        "add_upper_loc": true
      },
      "params": {
        "baseline": true,
        "intpntCoTolRelGap": 1e-07
      },
      "history": [
        {
          "step": 0,
          "t": 0.826165,
          "status": "Undefined",
          "feas": false,
          "wall_s": 0.2124626636505127
        },
        {
          "step": 1,
          "t": 0.9892475000000001,
          "status": "Undefined",
          "feas": false,
          "wall_s": 0.24453520774841309
        },
        {
          "step": 2,
          "t": 1.0707887500000002,
          "status": "Undefined",
          "feas": false,
          "wall_s": 0.46042871475219727
        },
        {
          "step": 3,
          "t": 1.1115593750000001,
          "status": "Optimal",
          "feas": true,
          "wall_s": 0.3473331928253174
        },
        {
          "step": 4,
          "t": 1.0911740625000002,
          "status": "Undefined",
          "feas": false,
          "wall_s": 0.40136218070983887
        },
        {
          "step": 5,
          "t": 1.10136671875,
          "status": "Unknown",
          "feas": false,
          "wall_s": 0.5975403785705566
        },
        {
          "step": 6,
          "t": 1.106463046875,
          "status": "Optimal",
          "feas": true,
          "wall_s": 0.3732314109802246
        },
        {
          "step": 7,
          "t": 1.1039148828125,
          "status": "Optimal",
          "feas": true,
          "wall_s": 0.3904247283935547
        },
        {
          "step": 8,
          "t": 1.10264080078125,
          "status": "Optimal",
          "feas": true,
          "wall_s": 0.45146918296813965
        },
        {
          "step": 9,
          "t": 1.102003759765625,
          "status": "Unknown",
          "feas": false,
          "wall_s": 0.5014503002166748
        },
        {
          "step": 10,
          "t": 1.1023222802734374,
          "status": "Optimal",
          "feas": true,
          "wall_s": 0.4753575325012207
        },
        {
          "step": 11,
          "t": 1.1021630200195311,
          "status": "Unknown",
          "feas": false,
          "wall_s": 0.534182071685791
        }
      ],
      "wall_s": 5.460285663604736,
      "failed": false
    },
    {
      "d": 4,
      "order": 3,
      "mode": "tuned",
      "lb": 1.1021630200195311,
      "val_d": 1.10233,
      "gc_pct": 99.83682206540712,
      "ok": true,
      "error": null,
      "build_time_s": 0.07699894905090332,
      "total_solve_time_s": 4.8293256759643555,
      "n_solves": 13,
      "avg_solve_time_s": 0.37148659045879656,
      "total_time_s": 4.906324625015259,
      "per_solve_times_s": [
        0.30042338371276855,
        0.19637250900268555,
        0.2213582992553711,
        0.27460193634033203,
        0.30392932891845703,
        0.41637754440307617,
        0.5410656929016113,
        0.30313920974731445,
        0.3168628215789795,
        0.3389596939086914,
        0.5379962921142578,
        0.45911073684692383,
        0.6191282272338867
      ],
      "build_stats": {
        "build_time_s": 0.07699894905090332,
        "n_y": 210,
        "n_basis": 35,
        "n_loc": 15,
        "n_consist": 126,
        "n_z2_eq": 0,
        "n_win_psd": 28,
        "z2_mode": "off",
        "add_upper_loc": true
      },
      "params": {
        "solve_form": "dual",
        "basis": "never",
        "tol": 1e-06,
        "presolve_lindep": "on",
        "order_method": "experimental",
        "num_threads": 8
      },
      "history": [
        {
          "step": 0,
          "t": 0.826165,
          "status": "Undefined",
          "feas": false,
          "wall_s": 0.19637250900268555
        },
        {
          "step": 1,
          "t": 0.9892475000000001,
          "status": "Undefined",
          "feas": false,
          "wall_s": 0.2213582992553711
        },
        {
          "step": 2,
          "t": 1.0707887500000002,
          "status": "Undefined",
          "feas": false,
          "wall_s": 0.27460193634033203
        },
        {
          "step": 3,
          "t": 1.1115593750000001,
          "status": "Optimal",
          "feas": true,
          "wall_s": 0.30392932891845703
        },
        {
          "step": 4,
          "t": 1.0911740625000002,
          "status": "Undefined",
          "feas": false,
          "wall_s": 0.41637754440307617
        },
        {
          "step": 5,
          "t": 1.10136671875,
          "status": "Unknown",
          "feas": false,
          "wall_s": 0.5410656929016113
        },
        {
          "step": 6,
          "t": 1.106463046875,
          "status": "Optimal",
          "feas": true,
          "wall_s": 0.30313920974731445
        },
        {
          "step": 7,
          "t": 1.1039148828125,
          "status": "Optimal",
          "feas": true,
          "wall_s": 0.3168628215789795
        },
        {
          "step": 8,
          "t": 1.10264080078125,
          "status": "Optimal",
          "feas": true,