{
  "results": [
    {
      "d": 6,
      "order": 3,
      "mode": "baseline",
      "lb": 1.17039765625,
      "val_d": 1.1711,
      "gc_pct": 99.5895127118644,
      "ok": true,
      "error": null,
      "build_time_s": 0.9960405826568604,
      "total_solve_time_s": 164.86155652999878,
      "n_solves": 13,
      "avg_solve_time_s": 12.681658194615292,
      "total_time_s": 165.85759711265564,
      "wall_s": 165.88160872459412,
      "failed": false
    },
    {
      "d": 6,
      "order": 3,
      "mode": "tuned",
      "lb": 1.17039765625,
      "val_d": 1.1711,
      "gc_pct": 99.5895127118644,
      "ok": true,
      "error": null,
      "build_time_s": 1.0324370861053467,
      "total_solve_time_s": 140.33923768997192,
      "n_solves": 13,
      "avg_solve_time_s": 10.795325976151686,
      "total_time_s": 141.37167477607727,
      "wall_s": 141.4036865234375,
      "failed": false
    },
    {
      "d": 6,
      "order": 3,
      "mode": "z2_eq",
      "lb": 1.17039765625,
      "val_d": 1.1711,
      "gc_pct": 99.5895127118644,
      "ok": true,
      "error": null,
      "build_time_s": 1.1564648151397705,
      "total_solve_time_s": 104.77890181541443,
      "n_solves": 13,
      "avg_solve_time_s": 8.059915524262648,
      "total_time_s": 105.9353666305542,
      "wall_s": 105.95440816879272,
      "failed": false
    },
    {
      "d": 6,
      "order": 3,
      "mode": "z2_bd",
      "lb": 1.17039765625,
      "val_d": 1.1711,
      "gc_pct": 99.5895127118644,
      "ok": true,
      "error": null,
      "build_time_s": 1.1459648609161377,
      "total_solve_time_s": 67.46669960021973,
      "n_solves": 13,
      "avg_solve_time_s": 5.189746123093825,
      "total_time_s": 68.61266446113586,
      "wall_s": 68.63165640830994,
      "failed": false
    }
  ],
  "full_results": [
    {
      "d": 6,
      "order": 3,
      "mode": "baseline",
      "lb": 1.17039765625,
      "val_d": 1.1711,
      "gc_pct": 99.5895127118644,
      "ok": true,
      "error": null,
      "build_time_s": 0.9960405826568604,
      "total_solve_time_s": 164.86155652999878,
      "n_solves": 13,
      "avg_solve_time_s": 12.681658194615292,
      "total_time_s": 165.85759711265564,
      "per_solve_times_s": [
        11.353560447692871,
        6.661083698272705,
        7.144207000732422,
        12.587584495544434,
        14.666544437408447,
        10.865409851074219,
        14.468056917190552,
        18.517328023910522,
        13.335451126098633,
        16.17719793319702,
        12.779582023620605,
        13.675857543945312,
        12.629693031311035
      ],
      "build_stats": {
        "build_time_s": 0.9960405826568604,
        "n_y": 924,
        "n_basis": 84,
        "n_loc": 28,
        "n_consist": 462,
        "n_z2_eq": 0,
        "n_win_psd": 66,
        "z2_mode": "off",
        "add_upper_loc": true
      },
      "params": {
        "baseline": true,
        "intpntCoTolRelGap": 1e-07
      },
      "history": [
        {
          "step": 0,
          "t": 0.86055,
          "status": "Undefined",
          "feas": false,
          "wall_s": 6.661083698272705
        },
        {
          "step": 1,
          "t": 1.0408250000000001,
          "status": "Undefined",
          "feas": false,
          "wall_s": 7.144207000732422
        },
        {
          "step": 2,
          "t": 1.1309625,
          "status": "Undefined",
          "feas": false,
          "wall_s": 12.587584495544434
        },
        {
          "step": 3,
          "t": 1.17603125,
          "status": "Optimal",
          "feas": true,
          "wall_s": 14.666544437408447
        },
        {
          "step": 4,
          "t": 1.153496875,
          "status": "Undefined",
          "feas": false,
          "wall_s": 10.865409851074219
        },
        {
          "step": 5,
          "t": 1.1647640625000002,
          "status": "Unknown",
          "feas": false,
          "wall_s": 14.468056917190552
        },
        {
          "step": 6,
          "t": 1.17039765625,
          "status": "Undefined",
          "feas": false,
          "wall_s": 18.517328023910522
        },
        {
          "step": 7,
          "t": 1.173214453125,
          "status": "Optimal",
          "feas": true,
          "wall_s": 13.335451126098633
        },
        {
          "step": 8,
          "t": 1.1718060546875,
          "status": "Optimal",
          "feas": true,
          "wall_s": 16.17719793319702
        },
        {
          "step": 9,
          "t": 1.17110185546875,
          "status": "Optimal",
          "feas": true,
          "wall_s": 12.779582023620605
        },
        {
          "step": 10,
          "t": 1.170749755859375,
          "status": "Optimal",
          "feas": true,
          "wall_s": 13.675857543945312
        },
        {
          "step": 11,
          "t": 1.1705737060546875,
          "status": "Optimal",
          "feas": true,
          "wall_s": 12.629693031311035
        }
      ],
      "wall_s": 165.88160872459412,
      "failed": false
    },
    {
      "d": 6,
      "order": 3,
      "mode": "tuned",
      "lb": 1.17039765625,
      "val_d": 1.1711,
      "gc_pct": 99.5895127118644,
      "ok": true,
      "error": null,
      "build_time_s": 1.0324370861053467,
      "total_solve_time_s": 140.33923768997192,
      "n_solves": 13,
      "avg_solve_time_s": 10.795325976151686,
      "total_time_s": 141.37167477607727,
      "per_solve_times_s": [
        9.334896802902222,
        6.088906764984131,
        6.814634084701538,
        10.020032405853271,
        10.097886323928833,
        10.644477128982544,
        13.37052035331726,
        23.15256381034851,
        10.407439231872559,
        9.175470352172852,
        9.701996803283691,
        10.860268354415894,
        10.670145273208618
      ],
      "build_stats": {
        "build_time_s": 1.0314366817474365,
        "n_y": 924,
        "n_basis": 84,
        "n_loc": 28,
        "n_consist": 462,
        "n_z2_eq": 0,
        "n_win_psd": 66,
        "z2_mode": "off",
        "add_upper_loc": true
      },
      "params": {
        "solve_form": "dual",
        "basis": "never",
        "tol": 1e-06,
        "presolve_lindep": "on",
        "order_method": "experimental",
        "num_threads": 8
      },
      "history": [
        {
          "step": 0,
          "t": 0.86055,
          "status": "Undefined",
          "feas": false,
          "wall_s": 6.088906764984131
        },
        {
          "step": 1,
          "t": 1.0408250000000001,
          "status": "Undefined",
          "feas": false,
          "wall_s": 6.814634084701538
        },
        {
          "step": 2,
          "t": 1.1309625,
          "status": "Undefined",
          "feas": false,
          "wall_s": 10.020032405853271
        },
        {
          "step": 3,
          "t": 1.17603125,
          "status": "Optimal",
          "feas": true,
          "wall_s": 10.097886323928833
        },
        {
          "step": 4,
          "t": 1.153496875,
          "status": "Undefined",
          "feas": false,
          "wall_s": 10.644477128982544
        },
        {
          "step": 5,
          "t": 1.1647640625000002,
          "status": "Unknown",
          "feas": false,
          "wall_s": 13.37052035331726
        },
        {
          "step": 6,
          "t": 1.17039765625,
          "status": "Undefined",
          "feas": false,
          "wall_s": 23.15256381034851
        },
        {
          "step": 7,
          "t": 1.173214453125,
          "status": "Optimal",
          "feas": true,
          "wall_s": 10.407439231872559
        },
        {
          "step": 8,
          "t": 1.1718060546875,
          "status": "Optimal",
          "feas": true,
          "wall_s": 9.175470352172852
        },
        {
          "step": 9,
          "t": 1.17110185546875,
          "status": "Optimal",
          "feas": true,