{
  "lb": 1.6470017317612202,
  "d": 4,
  "order": 3,
  "bw": 3,
  "n_y": 210,
  "n_active_windows": 27,
  "gap_closure": 634.3154232953134,
  "elapsed": 527.6330292224884,
  "sound": false,
  "solver": "scs_direct"
}