{
  "d": 4,
  "order": 3,
  "bw": 3,
  "lb": 1.0238903812680813,
  "gap_closure": 23.421942419687525,
  "n_y": 210,
  "elapsed": 511.4543001651764,
  "sound": true,
  "solver": "cvxpy_scs",
  "timestamp": "2026-04-14T21:20:11.467906"
}