{
  "lb": 1.0000197838375586,
  "d": 4,
  "order": 2,
  "bw": 3,
  "n_y": 70,
  "n_active_windows": 28,
  "gap_closure": 0.019395919175126456,
  "elapsed": 68.76063346862793,
  "sound": true,
  "solver": "scs_direct"
}