{
  "n_half": 3,
  "m": 15,
  "d0": 6,
  "c_target": 1.35,
  "correction": 0.13777777777777778,
  "l0_time": 0.0071868896484375,
  "l0_survivors": 1411,
  "l0_pruned_asym": 1126,
  "l0_pruned_test": 5215,
  "levels": [
    {
      "level": 1,
      "d_parent": 6,
      "d_child": 12,
      "parents_in": 1411,
      "total_children": 1142588,
      "children_per_parent": 809.7717930545713,
      "survivors_out": 64610,
      "expansion_factor": 45.79021970233877,
      "elapsed": 1.7001457214355469
    },
    {
      "level": 2,
      "d_parent": 12,
      "d_child": 24,
      "parents_in": 64610,
      "total_children": 257777018,
      "children_per_parent": 3989.7387091781457,
      "survivors_out": 364755,
      "expansion_factor": 5.645488314502399,
      "elapsed": 22.982295274734497
    },
    {
      "level": 3,
      "d_parent": 24,
      "d_child": 48,
      "parents_in": 364755,
      "total_children": 5553253262,
      "children_per_parent": 15224.611758577676,
      "survivors_out": 24,
      "expansion_factor": 6.579759016326027e-05,
      "elapsed": 619.3494200706482
    },
    {
      "level": 4,
      "d_parent": 48,
      "d_child": 96,
      "parents_in": 24,
      "total_children": 626688,
      "children_per_parent": 26112.0,
      "survivors_out": 0,
      "expansion_factor": 0.0,
      "elapsed": 1.8445193767547607
    }
  ],
  "proven_at": "L4",
  "total_time": 647.1790130138397
}