{
  "n_half": 1,
  "m": 11,
  "c_target": 1.3,
  "level_completed": 1,
  "d_survivors": 4,
  "n_survived": 6085,
  "info": {
    "n_half": 1,
    "m": 11,
    "d0": 2,
    "c_target": 1.3,
    "correction": 0.19008264462809918,
    "l0_time": 6.506884574890137,
    "l0_survivors": 14,
    "l0_pruned_asym": 0,
    "l0_pruned_test": 4,
    "levels": [
      {
        "level": 1,
        "d_parent": 2,
        "d_child": 4,
        "parents_in": 14,
        "total_children": 14953,
        "children_per_parent": 1068.0714285714287,
        "survivors_out": 6085,
        "expansion_factor": 434.64285714285717,
        "elapsed": 13.29573130607605
      }
    ]
  }
}