{
  "lb": 1.065390619397685,
  "d": 4,
  "order": 3,
  "bw": 3,
  "n_y": 210,
  "n_active_windows": 28,
  "gap_closure": 64.10845038988717,
  "elapsed": 5.162914991378784,
  "sound": true,
  "solver": "scs_direct",
  "cg_round": 1
}