{
  "lb": 1.1581015109812682,
  "d": 8,
  "order": 3,
  "bw": 7,
  "n_y": 3003,
  "n_active_windows": 100,
  "gap_closure": 77.12268828354544,
  "elapsed": 384.00867915153503,
  "sound": true,
  "solver": "scs_direct",
  "cg_round": 1
}