{
  "lb": 1.1297335267283002,
  "d": 6,
  "order": 3,
  "bw": 5,
  "n_y": 924,
  "n_active_windows": 66,
  "gap_closure": 75.867559490234,
  "elapsed": 10.815951347351074,
  "sound": true,
  "solver": "scs_direct",
  "cg_round": 1
}