{
  "n_half": 3,
  "m": 20,
  "d0": 6,
  "c_target": 1.3,
  "correction": 0.10250000000000001,
  "l0_time": 0.007894277572631836,
  "l0_survivors": 2725,
  "l0_pruned_asym": 3711,
  "l0_pruned_test": 20162,
  "levels": [
    {
      "level": 1,
      "d_parent": 6,
      "d_child": 12,
      "parents_in": 2725,
      "total_children": 7468994,
      "children_per_parent": 2740.915229357798,
      "survivors_out": 86943,
      "expansion_factor": 31.905688073394494,
      "elapsed": 1.4647984504699707
    }
  ],
  "total_time": 1.5871429443359375
}