{
  "n_half": 3,
  "m": 15,
  "c_target": 1.35,
  "level_completed": 1,
  "d_survivors": 12,
  "n_survived": 1304758,
  "info": {
    "n_half": 3,
    "m": 15,
    "d0": 6,
    "c_target": 1.35,
    "correction": 0.8266666666666667,
    "l0_time": 0.0750589370727539,
    "l0_survivors": 3547,
    "l0_pruned_asym": 1126,
    "l0_pruned_test": 3079,
    "levels": [
      {
        "level": 1,
        "d_parent": 6,
        "d_child": 12,
        "parents_in": 3547,
        "total_children": 2131118,
        "children_per_parent": 600.8226670425712,
        "survivors_out": 1304758,
        "expansion_factor": 367.8483225260784,
        "elapsed": 3.831465482711792
      }
    ]
  }
}